topo,n,rate,pat,sent,recv,time_taken,injection_rate,sustained_rate,if_worst_latency,queue_cumu_worst_latency,sum_queueing,worst_total_latency
fc_BFT0,2,100,add20,2678,2678,1398,1.000,.957,1,0,0,1
fc_BFT0,4,100,add20,2941,2941,818,1.000,.898,6,18,35055,22
fc_BFT0,8,100,add20,3458,3458,587,1.000,.736,26,131,206089,141
fc_BFT0,16,100,add20,4164,4164,691,1.000,.376,66,298,630403,305
fc_BFT0,32,100,add20,4706,4706,736,1.000,.199,217,575,1201325,584
fc_BFT0,2,100,amazon,271188,271188,138425,1.000,.979,1,0,0,1
fc_BFT0,4,100,amazon,280248,280248,73364,1.000,.954,6,195,30294599,198
fc_BFT0,8,100,amazon,291719,291719,39917,1.000,.913,22,595,97049411,600
fc_BFT0,16,100,amazon,302132,302132,22349,1.000,.844,41,1750,271870350,1758
fc_BFT0,32,100,amazon,314306,314306,15484,1.000,.634,83,4269,740625693,4280
fc_BFT0,64,100,add20,5530,5530,847,1.000,.102,353,628,1568256,644
fc_BFT0,2,100,bomhof1,3986,3986,2540,1.000,.784,1,0,0,1
fc_BFT0,4,100,bomhof1,5161,5161,2157,1.000,.598,12,696,1392624,699
fc_BFT0,8,100,bomhof1,8026,8026,4230,1.000,.237,56,3115,10510395,3120
fc_BFT0,16,100,bomhof1,9187,9187,4694,1.000,.122,138,4102,15282288,4111
fc_BFT0,32,100,bomhof1,11637,11637,5640,1.000,.064,253,5261,24118586,5270
fc_BFT0,64,100,amazon,327552,327552,13681,1.000,.374,158,7594,1304125994,7605
fc_BFT0,2,100,bomhof2,5388,5388,2801,1.000,.961,1,0,0,1
fc_BFT0,4,100,bomhof2,6206,6206,1921,1.000,.807,9,150,180472,153
fc_BFT0,8,100,bomhof2,6828,6828,1599,1.000,.533,38,596,805220,601
fc_BFT0,16,100,bomhof2,7454,7454,1558,1.000,.299,102,988,1589690,996
fc_BFT0,32,100,bomhof2,8075,8075,1627,1.000,.155,242,1266,2552974,1278
fc_BFT0,64,100,bomhof1,13376,13376,6384,1.000,.032,613,6175,33126793,6186
fc_BFT0,2,100,bomhof3,13013,13013,6749,1.000,.964,1,0,0,1
fc_BFT0,4,100,bomhof3,13837,13837,3741,1.000,.924,7,42,169057,46
fc_BFT0,8,100,bomhof3,14340,14340,2248,1.000,.797,46,308,1246742,313
fc_BFT0,16,100,bomhof3,14566,14566,2033,1.000,.447,118,1092,4667783,1099
fc_BFT0,32,100,bomhof3,15058,15058,2257,1.000,.208,427,1744,8319904,1753
fc_BFT0,64,100,bomhof2,8761,8761,1660,1.000,.082,411,1443,3371467,1456
fc_BFT0,2,100,google,722589,722589,389599,1.000,.927,1,0,0,1
fc_BFT0,4,100,google,729996,729996,197649,1.000,.923,4,38,9755164,41
fc_BFT0,8,100,google,736102,736102,98975,1.000,.929,8,105,19383280,110
fc_BFT0,16,100,google,741805,741805,51650,1.000,.897,14,133,27608950,140
fc_BFT0,64,100,bomhof3,15564,15564,2322,1.000,.104,693,2047,10409637,2067
fc_BFT0,32,100,google,746683,746683,26246,1.000,.889,24,268,43640392,277
fc_BFT0,2,100,hamm,21635,21635,12290,1.000,.880,1,0,0,1
fc_BFT0,4,100,hamm,23838,23838,7400,1.000,.805,9,1242,12582739,1245
fc_BFT0,8,100,hamm,25742,25742,7489,1.000,.429,61,4346,56782792,4351
fc_BFT0,16,100,hamm,27105,27105,7862,1.000,.215,219,6259,88703476,6267
fc_BFT0,32,100,hamm,28416,28416,8121,1.000,.109,637,7280,106431417,7293
fc_BFT0,64,100,google,757277,757277,15479,1.000,.764,95,1698,201446289,1710
fc_BFT0,2,100,human,24510,24510,12867,1.000,.952,1,0,0,1
fc_BFT0,4,100,human,44304,44304,16112,1.000,.687,11,3131,60921754,3134
fc_BFT0,8,100,human,77280,77280,26550,1.000,.363,29,14882,500515023,14887
fc_BFT0,16,100,human,129370,129370,44207,1.000,.182,59,33313,1944839340,33320
fc_BFT0,32,100,human,217795,217795,75286,1.000,.090,113,65373,6296682661,65382
fc_BFT0,64,100,hamm,30517,30517,8262,1.000,.057,1435,7832,120489506,7851
fc_BFT0,2,100,roadnet,1485206,1485206,769978,1.000,.964,1,0,0,1
fc_BFT0,4,100,roadnet,1485468,1485468,380888,1.000,.975,3,0,0,3
fc_BFT0,8,100,roadnet,1485867,1485867,196466,1.000,.945,5,0,0,5
fc_BFT0,16,100,roadnet,1486518,1486518,102033,1.000,.910,8,1,41668,8
fc_BFT0,32,100,roadnet,1487412,1487412,52866,1.000,.879,10,1,101845,11
fc_BFT0,64,100,human,359558,359558,120430,1.000,.046,203,111735,18085065893,111746
fc_BFT0,2,100,dac,1006,1006,599,1.000,.839,1,0,0,1
fc_BFT0,4,100,dac,1324,1324,502,1.000,.659,12,143,64196,146
fc_BFT0,8,100,dac,1566,1566,584,1.000,.335,36,387,235838,392
fc_BFT0,16,100,dac,2120,2120,758,1.000,.174,80,621,482415,630
fc_BFT0,32,100,dac,2276,2276,766,1.000,.092,135,692,576992,701
fc_BFT0,64,100,roadnet,1488956,1488956,27056,1.000,.859,12,1,132616,12
fc_BFT0,2,100,ram2k,7397,7397,4754,1.000,.777,1,0,0,1
fc_BFT0,4,100,ram2k,8905,8905,3676,1.000,.605,12,1283,4408297,1286
fc_BFT0,8,100,ram2k,13844,13844,7450,1.000,.232,58,5653,32294430,5658
fc_BFT0,16,100,ram2k,19628,19628,11387,1.000,.107,128,10176,80090543,10185
fc_BFT0,64,100,dac,2504,2504,813,1.000,.048,260,762,656025,778
fc_BFT0,32,100,ram2k,21490,21490,9859,1.000,.068,221,9239,74811568,9252
fc_BFT0,2,100,soc,125663,125663,71271,1.000,.881,1,0,0,1
fc_BFT0,4,100,soc,160167,160167,54770,1.000,.731,13,16198,869857389,16201
fc_BFT0,8,100,soc,203665,203665,50880,1.000,.500,45,26902,2530373325,26908
fc_BFT0,16,100,soc,259473,259473,72478,1.000,.223,81,48574,6319736144,48582
fc_BFT0,32,100,soc,356480,356480,87135,1.000,.127,114,76983,14432790375,76992
fc_BFT0,64,100,ram2k,26644,26644,13034,1.000,.031,554,12648,130049158,12663
fc_BFT0,2,100,stanford,262161,262161,133362,1.000,.982,1,0,0,1
fc_BFT0,4,100,stanford,263570,263570,69737,1.000,.944,4,3,164445,6
fc_BFT0,8,100,stanford,264830,264830,35205,1.000,.940,6,6,258025,10
fc_BFT0,16,100,stanford,266473,266473,18226,1.000,.913,9,32,717300,39
fc_BFT0,32,100,stanford,269307,269307,9233,1.000,.911,13,92,1498708,101
fc_BFT0,64,100,soc,372356,372356,119486,1.000,.048,367,115723,18611105091,115734
fc_BFT0,2,100,wiki,4065,4065,2461,1.000,.825,1,0,0,1
fc_BFT0,4,100,wiki,6288,6288,2446,1.000,.642,8,231,614880,234
fc_BFT0,8,100,wiki,10295,10295,3349,1.000,.384,20,1152,5668139,1158
fc_BFT0,16,100,wiki,15488,15488,4787,1.000,.202,44,2309,18257449,2316
fc_BFT0,32,100,wiki,21423,21423,6308,1.000,.106,91,3354,37958006,3363
fc_BFT0,64,100,stanford,274905,274905,5559,1.000,.772,19,117,1852593,128
fc_BFT0,2,100,local,2048,2048,1025,1.000,.999,1,0,0,1
fc_BFT0,4,100,local,4096,4096,1797,1.000,.569,13,771,1106067,774
fc_BFT0,8,100,local,8192,8192,2087,1.000,.490,26,1059,3319241,1065
fc_BFT0,16,100,local,16384,16384,2338,1.000,.437,35,1308,8470660,1315
fc_BFT0,32,100,local,32768,32768,2501,1.000,.409,42,1474,19609304,1484
fc_BFT0,64,100,wiki,29463,29463,8197,1.000,.056,167,5946,80076113,5957
fc_BFT0,2,100,random,2048,2048,1025,1.000,.999,1,0,0,1
fc_BFT0,4,100,random,4096,4096,1601,1.000,.639,10,577,1120189,580
fc_BFT0,8,100,random,8192,8192,2776,1.000,.368,23,1750,6990397,1756
fc_BFT0,16,100,random,16384,16384,5380,1.000,.190,39,4350,34582471,4357
fc_BFT0,32,100,random,32768,32768,10350,1.000,.098,68,9320,150021781,9330
fc_BFT0,64,100,local,65536,65536,2681,1.000,.381,51,1655,42941208,1666
fc_BFT3,2,100,add20,2678,2678,1398,1.000,.957,1,0,0,1
fc_BFT3,4,100,add20,2941,2941,808,1.000,.909,6,14,21974,17
fc_BFT3,8,100,add20,3458,3458,536,1.000,.806,56,104,141231,111
fc_BFT3,16,100,add20,4164,4164,466,1.000,.558,89,82,175214,107
fc_BFT3,32,100,add20,4706,4706,701,1.000,.209,596,566,727574,596
fc_BFT3,64,100,add20,5530,5530,691,1.000,.125,498,522,591150,538
fc_BFT3,2,100,amazon,271188,271188,138425,1.000,.979,1,0,0,1
fc_BFT3,4,100,amazon,280248,280248,73317,1.000,.955,6,137,21079651,140
fc_BFT3,8,100,amazon,291719,291719,39489,1.000,.923,14,216,28405595,222
fc_BFT3,16,100,amazon,302132,302132,20885,1.000,.904,44,173,30488854,180
fc_BFT3,32,100,amazon,314306,314306,11780,1.000,.833,81,305,31948220,314
fc_BFT0,64,100,random,65536,65536,20693,1.000,.049,124,19660,637523173,19671
fc_BFT3,2,100,bomhof1,3986,3986,2540,1.000,.784,1,0,0,1
fc_BFT3,4,100,bomhof1,5161,5161,1980,1.000,.651,9,614,1245982,618
fc_BFT3,8,100,bomhof1,8026,8026,3073,1.000,.326,190,1958,7074042,1964
fc_BFT3,16,100,bomhof1,9187,9187,2515,1.000,.228,246,1931,8297411,1940
fc_BFT3,64,100,amazon,327552,327552,6910,1.000,.740,158,324,41013657,337
fc_BFT3,32,100,bomhof1,11637,11637,2567,1.000,.141,570,2205,12150760,2216
fc_BFT3,2,100,bomhof2,5388,5388,2801,1.000,.961,1,0,0,1
fc_BFT3,4,100,bomhof2,6206,6206,1856,1.000,.835,9,183,155008,186
fc_BFT3,8,100,bomhof2,6828,6828,1401,1.000,.609,142,486,688029,492
fc_BFT3,16,100,bomhof2,7454,7454,1405,1.000,.331,325,835,1313743,845
fc_BFT3,64,100,bomhof1,13376,13376,2586,1.000,.080,1629,2349,13987293,2370
fc_BFT3,32,100,bomhof2,8075,8075,1318,1.000,.191,729,980,1927415,998
fc_BFT3,2,100,bomhof3,13013,13013,6749,1.000,.964,1,0,0,1
fc_BFT3,4,100,bomhof3,13837,13837,3782,1.000,.914,6,64,196619,67
fc_BFT3,8,100,bomhof3,14340,14340,2257,1.000,.794,55,275,1032238,280
fc_BFT3,16,100,bomhof3,14566,14566,2105,1.000,.432,428,1078,4057913,1143
fc_BFT3,32,100,bomhof3,15058,15058,2127,1.000,.221,1659,1637,6344051,1667
fc_BFT3,64,100,bomhof2,8761,8761,1283,1.000,.106,1063,1102,2110461,1130
fc_BFT3,2,100,google,722589,722589,389599,1.000,.927,1,0,0,1
fc_BFT3,4,100,google,729996,729996,197642,1.000,.923,5,29,5930721,32
fc_BFT3,64,100,bomhof3,15564,15564,2193,1.000,.110,1824,1945,7550320,1960
fc_BFT3,8,100,google,736102,736102,98957,1.000,.929,8,30,4988761,36
fc_BFT3,16,100,google,741805,741805,51583,1.000,.898,11,16,2345975,24
fc_BFT3,32,100,google,746683,746683,26092,1.000,.894,13,16,1948843,26
fc_BFT3,2,100,hamm,21635,21635,12290,1.000,.880,1,0,0,1
fc_BFT3,4,100,hamm,23838,23838,7316,1.000,.814,12,1103,13865309,1104
fc_BFT3,8,100,hamm,25742,25742,7392,1.000,.435,235,4182,57223125,4186
fc_BFT3,16,100,hamm,27105,27105,7563,1.000,.223,2185,5953,82447995,5959
fc_BFT3,64,100,google,757277,757277,14268,1.000,.829,15,18,2517968,29
fc_BFT3,32,100,hamm,28416,28416,7752,1.000,.114,4284,6959,98700985,6977
fc_BFT3,2,100,human,24510,24510,12867,1.000,.952,1,0,0,1
fc_BFT3,4,100,human,44304,44304,14094,1.000,.785,11,1517,30647603,1520
fc_BFT3,8,100,human,77280,77280,15266,1.000,.632,41,4171,141474431,4175
fc_BFT3,16,100,human,129370,129370,18531,1.000,.436,92,9129,419500840,9138
fc_BFT3,64,100,hamm,30517,30517,8008,1.000,.059,7323,7595,105232528,7607
fc_BFT3,32,100,human,217795,217795,18594,1.000,.366,194,11952,910595200,11961
fc_BFT3,2,100,roadnet,1485206,1485206,769978,1.000,.964,1,0,0,1
fc_BFT3,64,100,human,359558,359558,18857,1.000,.297,246,12875,1711859055,12885
fc_BFT3,4,100,roadnet,1485468,1485468,380888,1.000,.975,3,0,0,3
fc_BFT3,8,100,roadnet,1485867,1485867,196466,1.000,.945,5,0,0,5
fc_BFT3,16,100,roadnet,1486518,1486518,102033,1.000,.910,8,0,0,8
fc_BFT3,32,100,roadnet,1487412,1487412,52866,1.000,.879,9,1,5381,9
fc_BFT3,2,100,dac,1006,1006,599,1.000,.839,1,0,0,1
fc_BFT3,4,100,dac,1324,1324,479,1.000,.691,12,126,53008,129
fc_BFT3,8,100,dac,1566,1566,508,1.000,.385,79,301,189396,306
fc_BFT3,16,100,dac,2120,2120,545,1.000,.243,216,402,330943,420
fc_BFT3,32,100,dac,2276,2276,569,1.000,.125,348,469,332864,492
fc_BFT3,64,100,roadnet,1488956,1488956,27055,1.000,.859,12,0,0,12
fc_BFT3,2,100,ram2k,7397,7397,4754,1.000,.777,1,0,0,1
fc_BFT3,4,100,ram2k,8905,8905,3623,1.000,.614,14,1185,4335930,1188
fc_BFT3,8,100,ram2k,13844,13844,5817,1.000,.297,492,3996,22980852,4004
fc_BFT3,16,100,ram2k,19628,19628,6049,1.000,.202,328,4827,41067616,4834
fc_BFT3,64,100,dac,2504,2504,584,1.000,.066,530,510,235597,531
fc_BFT3,32,100,ram2k,21490,21490,4894,1.000,.137,2101,4282,37661101,4295
fc_BFT3,2,100,soc,125663,125663,71271,1.000,.881,1,0,0,1
fc_BFT3,4,100,soc,160167,160167,51575,1.000,.776,14,12707,778398327,12710
fc_BFT3,8,100,soc,203665,203665,41527,1.000,.613,107,19862,1362134724,19867
fc_BFT3,16,100,soc,259473,259473,47201,1.000,.343,199,24769,2474098288,24776
fc_BFT3,64,100,ram2k,26644,26644,5370,1.000,.077,3000,4988,52281877,5002
fc_BFT3,32,100,soc,356480,356480,28339,1.000,.393,197,15652,2517189590,15684
fc_BFT3,2,100,stanford,262161,262161,133362,1.000,.982,1,0,0,1
fc_BFT3,4,100,stanford,263570,263570,69737,1.000,.944,5,1,27222,5
fc_BFT3,8,100,stanford,264830,264830,35205,1.000,.940,6,4,147714,8
fc_BFT3,64,100,soc,372356,372356,41494,1.000,.140,1008,31022,4543199994,31048
fc_BFT3,16,100,stanford,266473,266473,18212,1.000,.914,9,18,246502,25
fc_BFT3,32,100,stanford,269307,269307,9221,1.000,.912,11,25,321569,32
fc_BFT3,2,100,wiki,4065,4065,2461,1.000,.825,1,0,0,1
fc_BFT3,4,100,wiki,6288,6288,2350,1.000,.668,8,153,330747,156
fc_BFT3,8,100,wiki,10295,10295,2481,1.000,.518,31,388,1610863,394
fc_BFT3,16,100,wiki,15488,15488,2840,1.000,.340,89,523,4238389,538
fc_BFT3,64,100,stanford,274905,274905,5526,1.000,.777,15,51,564472,54
fc_BFT3,32,100,wiki,21423,21423,3380,1.000,.198,216,906,7496529,941
fc_BFT3,2,100,local,2048,2048,1025,1.000,.999,1,0,0,1
fc_BFT3,4,100,local,4096,4096,1707,1.000,.599,18,681,1185915,685
fc_BFT3,8,100,local,8192,8192,1690,1.000,.605,42,662,1933207,669
fc_BFT3,16,100,local,16384,16384,1746,1.000,.586,61,718,3685674,723
fc_BFT3,32,100,local,32768,32768,1692,1.000,.605,70,665,6882729,670
fc_BFT3,64,100,local,65536,65536,1730,1.000,.591,85,703,13322122,708
fc_BFT3,2,100,random,2048,2048,1025,1.000,.999,1,0,0,1
fc_BFT3,4,100,random,4096,4096,1421,1.000,.720,13,395,777048,400
fc_BFT3,8,100,random,8192,8192,1719,1.000,.595,36,692,2444927,699
fc_BFT3,16,100,random,16384,16384,1895,1.000,.540,55,866,6294490,874
fc_BFT3,64,100,wiki,29463,29463,2626,1.000,.175,277,1210,12583366,1222
fc_BFT3,32,100,random,32768,32768,2042,1.000,.501,84,1011,15294533,1025
fc_BFT1,2,100,add20,2678,2678,1398,1.000,.957,1,0,0,1
fc_BFT1,4,100,add20,2941,2941,808,1.000,.909,6,14,21974,17
fc_BFT1,8,100,add20,3458,3458,535,1.000,.807,42,82,136856,92
fc_BFT3,64,100,random,65536,65536,2269,1.000,.451,127,1235,36959476,1250
fc_BFT1,16,100,add20,4164,4164,502,1.000,.518,57,109,227765,116
fc_BFT1,32,100,add20,4706,4706,653,1.000,.225,305,515,807598,524
fc_BFT1,2,100,amazon,271188,271188,138425,1.000,.979,1,0,0,1
fc_BFT1,4,100,amazon,280248,280248,73317,1.000,.955,6,137,21079651,140
fc_BFT1,8,100,amazon,291719,291719,39509,1.000,.922,17,226,31100899,230
fc_BFT1,16,100,amazon,302132,302132,21155,1.000,.892,38,393,51603624,401
fc_BFT1,64,100,add20,5530,5530,775,1.000,.111,546,538,1042251,550
fc_BFT1,32,100,amazon,314306,314306,12097,1.000,.811,60,656,76804528,665
fc_BFT1,2,100,bomhof1,3986,3986,2540,1.000,.784,1,0,0,1
fc_BFT1,4,100,bomhof1,5161,5161,1980,1.000,.651,9,614,1245982,618
fc_BFT1,8,100,bomhof1,8026,8026,2986,1.000,.335,58,1871,6877055,1876
fc_BFT1,16,100,bomhof1,9187,9187,2900,1.000,.197,173,2284,9389556,2292
fc_BFT1,32,100,bomhof1,11637,11637,2701,1.000,.134,395,2335,12730264,2347
fc_BFT1,64,100,amazon,327552,327552,7105,1.000,.720,160,1063,138760986,1075
fc_BFT1,2,100,bomhof2,5388,5388,2801,1.000,.961,1,0,0,1
fc_BFT1,4,100,bomhof2,6206,6206,1856,1.000,.835,9,183,155008,186
fc_BFT1,8,100,bomhof2,6828,6828,1499,1.000,.569,50,554,706568,559
fc_BFT1,16,100,bomhof2,7454,7454,1397,1.000,.333,162,734,1360151,741
fc_BFT1,64,100,bomhof1,13376,13376,2783,1.000,.075,631,2571,15299152,2592
fc_BFT1,32,100,bomhof2,8075,8075,1325,1.000,.190,379,987,2004221,997
fc_BFT1,2,100,bomhof3,13013,13013,6749,1.000,.964,1,0,0,1
fc_BFT1,4,100,bomhof3,13837,13837,3782,1.000,.914,6,64,196619,67
fc_BFT1,8,100,bomhof3,14340,14340,2259,1.000,.793,49,277,1032434,282
fc_BFT1,16,100,bomhof3,14566,14566,2153,1.000,.422,296,1125,3994949,1134
fc_BFT1,32,100,bomhof3,15058,15058,2154,1.000,.218,554,1641,6661915,1674
fc_BFT1,64,100,bomhof2,8761,8761,1304,1.000,.104,632,1131,2532814,1143
fc_BFT1,2,100,google,722589,722589,389599,1.000,.927,1,0,0,1
fc_BFT1,4,100,google,729996,729996,197642,1.000,.923,5,29,5930721,32
fc_BFT1,8,100,google,736102,736102,98962,1.000,.929,7,24,5331489,31
fc_BFT1,64,100,bomhof3,15564,15564,2211,1.000,.109,1136,1921,8366576,1935
fc_BFT1,16,100,google,741805,741805,51593,1.000,.898,11,34,4973167,42
fc_BFT1,32,100,google,746683,746683,26111,1.000,.893,16,51,6763094,61
fc_BFT1,2,100,hamm,21635,21635,12290,1.000,.880,1,0,0,1
fc_BFT1,4,100,hamm,23838,23838,7316,1.000,.814,12,1103,13865309,1104
fc_BFT1,8,100,hamm,25742,25742,7402,1.000,.434,69,4249,56263312,4255
fc_BFT1,16,100,hamm,27105,27105,7444,1.000,.227,423,5834,84467037,5849
fc_BFT1,32,100,hamm,28416,28416,7776,1.000,.114,1052,6935,100089610,6948
fc_BFT1,64,100,google,757277,757277,14290,1.000,.828,21,85,8270717,98
fc_BFT1,2,100,human,24510,24510,12867,1.000,.952,1,0,0,1
fc_BFT1,4,100,human,44304,44304,14094,1.000,.785,11,1517,30647603,1520
fc_BFT1,8,100,human,77280,77280,17249,1.000,.560,32,5657,175994203,5662
fc_BFT1,16,100,human,129370,129370,22845,1.000,.353,54,12318,725603413,12327
fc_BFT1,64,100,hamm,30517,30517,7956,1.000,.059,3276,7543,111085637,7557
fc_BFT1,32,100,human,217795,217795,29127,1.000,.233,104,20277,1823397069,20287
fc_BFT1,2,100,roadnet,1485206,1485206,769978,1.000,.964,1,0,0,1
fc_BFT1,4,100,roadnet,1485468,1485468,380888,1.000,.975,3,0,0,3
fc_BFT1,8,100,roadnet,1485867,1485867,196466,1.000,.945,5,0,0,5
fc_BFT1,64,100,human,359558,359558,33646,1.000,.166,123,25829,4208972370,25841
fc_BFT1,16,100,roadnet,1486518,1486518,102033,1.000,.910,8,0,0,8
fc_BFT1,32,100,roadnet,1487412,1487412,52866,1.000,.879,9,1,5381,9
fc_BFT1,2,100,dac,1006,1006,599,1.000,.839,1,0,0,1
fc_BFT1,4,100,dac,1324,1324,479,1.000,.691,12,126,53008,129
fc_BFT1,8,100,dac,1566,1566,513,1.000,.381,53,316,200504,324
fc_BFT1,16,100,dac,2120,2120,549,1.000,.241,145,418,359014,428
fc_BFT1,32,100,dac,2276,2276,569,1.000,.125,247,496,405115,506
fc_BFT1,64,100,roadnet,1488956,1488956,27055,1.000,.859,12,0,0,12
fc_BFT1,2,100,ram2k,7397,7397,4754,1.000,.777,1,0,0,1
fc_BFT1,4,100,ram2k,8905,8905,3623,1.000,.614,14,1185,4335930,1188
fc_BFT1,8,100,ram2k,13844,13844,5161,1.000,.335,55,3340,20467263,3346
fc_BFT1,16,100,ram2k,19628,19628,6783,1.000,.180,159,5561,45584605,5568
fc_BFT1,32,100,ram2k,21490,21490,5451,1.000,.123,364,4822,42963668,4844
fc_BFT1,64,100,dac,2504,2504,594,1.000,.065,396,507,389179,525
fc_BFT1,2,100,soc,125663,125663,71271,1.000,.881,1,0,0,1
fc_BFT1,4,100,soc,160167,160167,51575,1.000,.776,14,12707,778398327,12710
fc_BFT1,8,100,soc,203665,203665,46928,1.000,.542,53,19029,1574065044,19035
fc_BFT1,16,100,soc,259473,259473,47992,1.000,.337,140,27529,2850171273,27536
fc_BFT1,32,100,soc,356480,356480,36153,1.000,.308,120,25772,4144730034,25782
fc_BFT1,64,100,ram2k,26644,26644,5627,1.000,.073,647,5241,56344312,5256
fc_BFT1,2,100,stanford,262161,262161,133362,1.000,.982,1,0,0,1
fc_BFT1,4,100,stanford,263570,263570,69737,1.000,.944,5,1,27222,5
fc_BFT1,8,100,stanford,264830,264830,35205,1.000,.940,6,4,147714,8
fc_BFT1,16,100,stanford,266473,266473,18205,1.000,.914,9,11,219424,18
fc_BFT1,32,100,stanford,269307,269307,9221,1.000,.912,12,39,385561,48
fc_BFT1,64,100,soc,372356,372356,43641,1.000,.133,390,37967,5702033718,37978
fc_BFT1,2,100,wiki,4065,4065,2461,1.000,.825,1,0,0,1
fc_BFT1,4,100,wiki,6288,6288,2350,1.000,.668,8,153,330747,156
fc_BFT1,8,100,wiki,10295,10295,2577,1.000,.499,24,354,1882748,357
fc_BFT1,16,100,wiki,15488,15488,2906,1.000,.333,47,854,5849064,862
fc_BFT1,32,100,wiki,21423,21423,4007,1.000,.167,85,1068,11635719,1079
fc_BFT1,64,100,stanford,274905,274905,5526,1.000,.777,16,53,708100,60
fc_BFT1,2,100,local,2048,2048,1025,1.000,.999,1,0,0,1
fc_BFT1,4,100,local,4096,4096,1707,1.000,.599,18,681,1185915,685
fc_BFT1,8,100,local,8192,8192,1785,1.000,.573,34,757,2111778,766
fc_BFT1,16,100,local,16384,16384,1862,1.000,.549,54,832,4144785,842
fc_BFT1,32,100,local,32768,32768,1821,1.000,.562,66,795,7845314,802
fc_BFT1,64,100,wiki,29463,29463,4160,1.000,.110,147,1922,22510242,1937
fc_BFT1,2,100,random,2048,2048,1025,1.000,.999,1,0,0,1
fc_BFT1,4,100,random,4096,4096,1421,1.000,.720,13,395,777048,400
fc_BFT1,8,100,random,8192,8192,1800,1.000,.568,30,772,2828428,777
fc_BFT1,16,100,random,16384,16384,2503,1.000,.409,37,1474,11270132,1481
fc_BFT1,32,100,random,32768,32768,3341,1.000,.306,53,2311,35566897,2321
fc_BFT1,64,100,local,65536,65536,1791,1.000,.571,79,763,15206513,771
fc_BFT2,2,100,add20,2678,2678,1398,1.000,.957,1,0,0,1
fc_BFT2,4,100,add20,2941,2941,808,1.000,.909,6,14,21974,17
fc_BFT2,8,100,add20,3458,3458,536,1.000,.806,56,104,141231,111
fc_BFT2,16,100,add20,4164,4164,469,1.000,.554,68,76,195577,86
fc_BFT2,32,100,add20,4706,4706,696,1.000,.211,455,535,801555,555
fc_BFT1,64,100,random,65536,65536,4930,1.000,.207,68,3893,122125396,3907
fc_BFT2,2,100,amazon,271188,271188,138425,1.000,.979,1,0,0,1
fc_BFT2,4,100,amazon,280248,280248,73317,1.000,.955,6,137,21079651,140
fc_BFT2,8,100,amazon,291719,291719,39489,1.000,.923,14,216,28405595,222
fc_BFT2,64,100,add20,5530,5530,624,1.000,.138,453,486,821626,535
fc_BFT2,16,100,amazon,302132,302132,20903,1.000,.903,37,177,30002796,184
fc_BFT2,32,100,amazon,314306,314306,11885,1.000,.826,54,410,40401341,419
fc_BFT2,2,100,bomhof1,3986,3986,2540,1.000,.784,1,0,0,1
fc_BFT2,4,100,bomhof1,5161,5161,1980,1.000,.651,9,614,1245982,618
fc_BFT2,8,100,bomhof1,8026,8026,3073,1.000,.326,190,1958,7074042,1964
fc_BFT2,16,100,bomhof1,9187,9187,2494,1.000,.230,197,1910,8285057,1919
fc_BFT2,32,100,bomhof1,11637,11637,2628,1.000,.138,534,2231,12284550,2240
fc_BFT2,64,100,amazon,327552,327552,7041,1.000,.726,127,459,61279043,470
fc_BFT2,2,100,bomhof2,5388,5388,2801,1.000,.961,1,0,0,1
fc_BFT2,4,100,bomhof2,6206,6206,1856,1.000,.835,9,183,155008,186
fc_BFT2,8,100,bomhof2,6828,6828,1401,1.000,.609,142,486,688029,492
fc_BFT2,16,100,bomhof2,7454,7454,1440,1.000,.323,310,870,1324377,880
fc_BFT2,32,100,bomhof2,8075,8075,1321,1.000,.191,666,983,1984495,993
fc_BFT2,64,100,bomhof1,13376,13376,2608,1.000,.080,1229,2400,14758060,2417
fc_BFT2,2,100,bomhof3,13013,13013,6749,1.000,.964,1,0,0,1
fc_BFT2,4,100,bomhof3,13837,13837,3782,1.000,.914,6,64,196619,67
fc_BFT2,8,100,bomhof3,14340,14340,2257,1.000,.794,55,275,1032238,280
fc_BFT2,16,100,bomhof3,14566,14566,2128,1.000,.427,314,1185,3983442,1199
fc_BFT2,32,100,bomhof3,15058,15058,2126,1.000,.221,781,1614,6284506,1627
fc_BFT2,64,100,bomhof2,8761,8761,1295,1.000,.105,827,1114,2233714,1136
fc_BFT2,2,100,google,722589,722589,389599,1.000,.927,1,0,0,1
fc_BFT2,4,100,google,729996,729996,197642,1.000,.923,5,29,5930721,32
fc_BFT2,8,100,google,736102,736102,98957,1.000,.929,8,30,4988761,36
fc_BFT2,64,100,bomhof3,15564,15564,2233,1.000,.108,1856,1977,7925373,2043
fc_BFT2,16,100,google,741805,741805,51588,1.000,.898,10,17,3283532,25
fc_BFT2,32,100,google,746683,746683,26109,1.000,.893,13,23,2912364,34
fc_BFT2,2,100,hamm,21635,21635,12290,1.000,.880,1,0,0,1
fc_BFT2,4,100,hamm,23838,23838,7316,1.000,.814,12,1103,13865309,1104
fc_BFT2,8,100,hamm,25742,25742,7392,1.000,.435,235,4182,57223125,4186
fc_BFT2,16,100,hamm,27105,27105,7477,1.000,.226,1066,5869,83723289,5880
fc_BFT2,32,100,hamm,28416,28416,7735,1.000,.114,2626,6902,99023676,6915
fc_BFT2,64,100,google,757277,757277,14277,1.000,.828,19,41,4391531,52
fc_BFT2,2,100,human,24510,24510,12867,1.000,.952,1,0,0,1
fc_BFT2,4,100,human,44304,44304,14094,1.000,.785,11,1517,30647603,1520
fc_BFT2,8,100,human,77280,77280,15266,1.000,.632,41,4171,141474431,4175
fc_BFT2,16,100,human,129370,129370,19307,1.000,.418,67,8982,460976499,8996
fc_BFT2,32,100,human,217795,217795,21619,1.000,.314,96,13034,1206347575,13056
fc_BFT2,64,100,hamm,30517,30517,8015,1.000,.059,6387,7613,108437193,7631
fc_BFT2,2,100,roadnet,1485206,1485206,769978,1.000,.964,1,0,0,1
fc_BFT2,4,100,roadnet,1485468,1485468,380888,1.000,.975,3,0,0,3
fc_BFT2,64,100,human,359558,359558,24668,1.000,.227,159,17726,2609878306,17737
fc_BFT2,8,100,roadnet,1485867,1485867,196466,1.000,.945,5,0,0,5
fc_BFT2,16,100,roadnet,1486518,1486518,102033,1.000,.910,7,0,0,7
fc_BFT2,32,100,roadnet,1487412,1487412,52866,1.000,.879,9,1,5381,9
fc_BFT2,2,100,dac,1006,1006,599,1.000,.839,1,0,0,1
fc_BFT2,4,100,dac,1324,1324,479,1.000,.691,12,126,53008,129
fc_BFT2,8,100,dac,1566,1566,508,1.000,.385,79,301,189396,306
fc_BFT2,16,100,dac,2120,2120,553,1.000,.239,161,424,343284,435
fc_BFT2,32,100,dac,2276,2276,583,1.000,.121,298,482,374155,502
fc_BFT2,64,100,roadnet,1488956,1488956,27055,1.000,.859,12,0,0,12
fc_BFT2,2,100,ram2k,7397,7397,4754,1.000,.777,1,0,0,1
fc_BFT2,4,100,ram2k,8905,8905,3623,1.000,.614,14,1185,4335930,1188
fc_BFT2,8,100,ram2k,13844,13844,5817,1.000,.297,492,3996,22980852,4004
fc_BFT2,16,100,ram2k,19628,19628,5898,1.000,.207,169,4676,40560187,4684
fc_BFT2,64,100,dac,2504,2504,579,1.000,.067,519,498,301761,528
fc_BFT2,32,100,ram2k,21490,21490,4957,1.000,.135,508,4341,38727713,4352
fc_BFT2,2,100,soc,125663,125663,71271,1.000,.881,1,0,0,1
fc_BFT2,4,100,soc,160167,160167,51575,1.000,.776,14,12707,778398327,12710
fc_BFT2,8,100,soc,203665,203665,41527,1.000,.613,107,19862,1362134724,19867
fc_BFT2,16,100,soc,259473,259473,51162,1.000,.316,135,23601,2696598104,23609
fc_BFT2,32,100,soc,356480,356480,29604,1.000,.376,143,17600,2882128700,17615
fc_BFT2,64,100,ram2k,26644,26644,5442,1.000,.076,1320,5056,53120188,5071
fc_BFT2,2,100,stanford,262161,262161,133362,1.000,.982,1,0,0,1
fc_BFT2,4,100,stanford,263570,263570,69737,1.000,.944,5,1,27222,5
fc_BFT2,8,100,stanford,264830,264830,35205,1.000,.940,6,4,147714,8
fc_BFT2,16,100,stanford,266473,266473,18212,1.000,.914,9,18,246502,25
fc_BFT2,32,100,stanford,269307,269307,9221,1.000,.912,12,33,326909,42
fc_BFT2,64,100,soc,372356,372356,40239,1.000,.144,672,30795,4804441145,30806
fc_BFT2,2,100,wiki,4065,4065,2461,1.000,.825,1,0,0,1
fc_BFT2,4,100,wiki,6288,6288,2350,1.000,.668,8,153,330747,156
fc_BFT2,8,100,wiki,10295,10295,2481,1.000,.518,31,388,1610863,394
fc_BFT2,16,100,wiki,15488,15488,2894,1.000,.334,83,579,4539669,622
fc_BFT2,32,100,wiki,21423,21423,3852,1.000,.173,132,928,8917988,941
fc_BFT2,64,100,stanford,274905,274905,5526,1.000,.777,14,59,551725,62
fc_BFT2,2,100,local,2048,2048,1025,1.000,.999,1,0,0,1
fc_BFT2,4,100,local,4096,4096,1707,1.000,.599,18,681,1185915,685
fc_BFT2,8,100,local,8192,8192,1690,1.000,.605,42,662,1933207,669
fc_BFT2,16,100,local,16384,16384,1746,1.000,.586,61,718,3685674,723
fc_BFT2,32,100,local,32768,32768,1692,1.000,.605,70,665,6882729,670
fc_BFT2,64,100,wiki,29463,29463,2811,1.000,.163,167,1127,13591432,1138
fc_BFT2,2,100,random,2048,2048,1025,1.000,.999,1,0,0,1
fc_BFT2,4,100,random,4096,4096,1421,1.000,.720,13,395,777048,400
fc_BFT2,8,100,random,8192,8192,1719,1.000,.595,36,692,2444927,699
fc_BFT2,16,100,random,16384,16384,1968,1.000,.520,47,935,6980821,945
fc_BFT2,64,100,local,65536,65536,1730,1.000,.591,85,703,13322122,708
fc_BFT2,32,100,random,32768,32768,2616,1.000,.391,51,1584,24036274,1593
fc_BFT2,64,100,random,65536,65536,3171,1.000,.322,85,2138,66530325,2149
fc_BFT3,16,100,random,16384,16384,1895,1.000,.540,55,866,6294490,874
fc_BFT3,64,100,random,65536,65536,2269,1.000,.451,127,1235,36959476,1250
IC,2,100,local,2048,2048,1028,1.000,.996,1,3,6144,4
IC,2,100,random,2048,2048,1028,1.000,.996,1,3,6144,4
IC,2,100,add20,2678,2678,1401,1.000,.955,1,3,8034,4
IC,2,100,amazon,271188,271188,138428,1.000,.979,1,3,813564,4
IC,2,100,bomhof1,3986,3985,2542,1.000,.784,1,3,11958,4
IC,2,100,bomhof2,5388,5388,2804,1.000,.960,1,3,16164,4
IC,2,100,bomhof3,13013,13013,6752,1.000,.963,1,3,39039,4
IC,2,100,google,722589,722589,389602,1.000,.927,1,3,2167767,4
IC,2,100,hamm,21635,21635,12293,1.000,.879,1,3,64905,4
IC,2,100,human,24510,24510,12870,1.000,.952,1,3,73530,4
IC,2,100,roadnet,1485206,1485206,769981,1.000,.964,1,3,4455618,4
IC,2,100,dac,1006,1006,602,1.000,.835,1,3,3018,4
IC,2,100,ram2k,7397,7397,4757,1.000,.777,1,3,22191,4
IC,2,100,soc,125663,125663,71274,1.000,.881,1,3,376989,4
IC,2,100,stanford,262161,262161,133365,1.000,.982,1,3,786483,4
IC,2,100,wiki,4065,4064,2463,1.000,.825,2,3,12195,5
IC,4,100,local,4096,4096,2052,1.000,.499,5,1025,2100233,1029
IC,4,100,random,4096,4096,2052,1.000,.499,5,1025,2100233,1029
IC,4,100,add20,2941,2941,835,1.000,.880,6,56,105363,58
IC,4,100,amazon,280248,280248,73966,1.000,.947,6,737,111138972,739
IC,4,100,bomhof1,5161,5159,2116,1.000,.609,8,752,1292233,754
IC,4,100,bomhof2,6206,6204,2092,1.000,.741,7,322,326105,324
IC,4,100,bomhof3,13837,13836,3749,1.000,.922,10,62,241217,66
IC,4,100,google,729996,729996,198814,1.000,.917,5,1188,290688642,1190
IC,4,100,hamm,23838,23838,7612,1.000,.782,7,1454,14745434,1456
IC,4,100,human,44304,44303,20115,1.000,.550,10,7133,132221899,7135
IC,4,100,roadnet,1485468,1485468,380898,1.000,.974,3,10,7235235,12
IC,4,100,dac,1324,1324,506,1.000,.654,8,147,70774,149
IC,4,100,ram2k,8905,8905,3994,1.000,.557,7,1584,4842921,1586
IC,4,100,soc,160167,160167,60078,1.000,.666,10,15389,1198015903,15391
IC,4,100,stanford,263570,263570,69763,1.000,.944,4,88,6841636,90
IC,4,100,wiki,6288,6287,3156,1.000,.498,9,872,2343995,874
IC,8,100,local,8192,8192,2053,1.000,.498,5,1025,4200466,1029
IC,8,100,random,8192,8192,2053,1.000,.498,5,1025,4201487,1029
IC,8,100,add20,3458,3457,708,1.000,.610,16,182,289011,184
IC,8,100,amazon,291719,291719,40838,1.000,.892,11,1457,176047939,1459
IC,8,100,bomhof1,8026,8024,2535,1.000,.395,21,1423,5147639,1425
IC,8,100,bomhof2,6828,6826,1542,1.000,.553,22,537,819005,542
IC,8,100,bomhof3,14340,14338,2345,1.000,.764,22,365,1340173,367
IC,8,100,google,736102,736102,99981,1.000,.920,6,1398,348290669,1400
IC,8,100,hamm,25742,25741,7301,1.000,.440,22,4148,58433547,4150
IC,8,100,human,77280,77279,22289,1.000,.433,18,10269,345396300,10271
IC,8,100,roadnet,1485867,1485867,196469,1.000,.945,4,9,6289402,11
IC,8,100,dac,1566,1565,550,1.000,.355,22,331,214470,333
IC,8,100,ram2k,13844,13843,4552,1.000,.380,20,2734,17408249,2736
IC,8,100,soc,203665,203665,63817,1.000,.398,20,24636,2076993752,24638
IC,8,100,stanford,264830,264830,35213,1.000,.940,5,251,7696901,253
IC,8,100,wiki,10295,10293,3905,1.000,.329,15,1614,6396618,1616
IC,16,100,local,16384,16384,2053,1.000,.498,5,1025,8399911,1029
IC,16,100,random,16384,16382,5598,1.000,.182,30,4574,16346849,4576
IC,16,100,add20,4164,4163,621,1.000,.419,18,229,341867,231
IC,16,100,amazon,302132,302132,22257,1.000,.848,17,1500,182242767,1502
IC,16,100,bomhof1,9187,9185,2515,1.000,.228,47,1912,8791178,1918
IC,16,100,bomhof2,7454,7452,1408,1.000,.330,46,781,1477980,787
IC,16,100,bomhof3,14566,14564,2069,1.000,.440,47,1013,4189790,1017
IC,16,100,google,741805,741805,52772,1.000,.878,6,1558,282689190,1560
IC,16,100,hamm,27105,27104,7631,1.000,.221,47,5594,86397676,5597
IC,16,100,human,129370,129370,22091,1.000,.366,16,11197,616016323,11199
IC,16,100,roadnet,1486518,1486518,102039,1.000,.910,4,13,7475767,15
IC,16,100,dac,2120,2118,563,1.000,.235,41,412,395703,414
IC,16,100,ram2k,19628,19627,5160,1.000,.237,43,3394,31362775,3398
IC,16,100,soc,259473,259473,51226,1.000,.316,33,24017,2612248856,24019
IC,16,100,stanford,266473,266473,18471,1.000,.901,5,305,9102005,307
IC,16,100,wiki,15488,15486,4698,1.000,.206,23,2224,11038316,2226
ld_TREE,2,100,add20,2678,2678,1398,1.000,.957,1,0,0,1
ld_TREE,2,100,bomhof1,3986,3986,2540,1.000,.784,1,0,0,1
ld_TREE,4,100,bomhof1,5161,5161,2738,1.000,.471,526,1302,2222302,1306
ld_TREE,4,100,add20,2941,2941,879,1.000,.836,18,79,100807,83
ld_TREE,8,100,add20,3458,3458,606,1.000,.713,29,182,282501,189
ld_TREE,2,100,bomhof2,5388,5388,2801,1.000,.961,1,0,0,1
ld_TREE,8,100,bomhof1,8026,8026,4541,1.000,.220,670,3426,11539073,3432
ld_TREE,4,100,bomhof2,6206,6206,2111,1.000,.734,57,340,390247,369
ld_TREE,2,100,amazon,271188,271188,138425,1.000,.979,1,0,0,1
ld_TREE,4,100,amazon,280248,280248,73490,1.000,.953,20,427,63205245,432
ld_TREE,16,100,add20,4164,4164,711,1.000,.366,116,412,780129,419
ld_TREE,16,100,bomhof1,9187,9187,4824,1.000,.119,2337,4230,16148169,4239
ld_TREE,8,100,bomhof2,6828,6828,1734,1.000,.492,59,712,911239,717
ld_TREE,2,100,bomhof3,13013,13013,6749,1.000,.964,1,0,0,1
ld_TREE,8,100,amazon,291719,291719,40474,1.000,.900,54,1341,208310629,1347
ld_TREE,4,100,bomhof3,13837,13837,3879,1.000,.891,58,197,639430,225
ld_TREE,16,100,bomhof2,7454,7454,1565,1.000,.297,150,1025,1620605,1034
ld_TREE,8,100,bomhof3,14340,14340,2429,1.000,.737,113,577,1949660,587
ld_TREE,16,100,amazon,302132,302132,23175,1.000,.814,94,2651,452114407,2658
ld_TREE,32,100,add20,4706,4706,761,1.000,.193,301,610,1086150,617
ld_TREE,16,100,bomhof3,14566,14566,2269,1.000,.401,689,1331,5922919,1339
ld_TREE,32,100,bomhof1,11637,11637,5883,1.000,.061,2141,5531,25793742,5541
ld_TREE,2,100,hamm,21635,21635,12290,1.000,.880,1,0,0,1
ld_TREE,4,100,hamm,23838,23838,8230,1.000,.724,306,2025,19809279,2036
ld_TREE,32,100,bomhof2,8075,8075,1693,1.000,.149,519,1298,2583105,1313
ld_TREE,32,100,amazon,314306,314306,16208,1.000,.606,267,5589,1040457592,5626
ld_TREE,8,100,hamm,25742,25742,8084,1.000,.398,459,4941,58401090,4951
ld_TREE,2,100,google,722589,722589,389599,1.000,.927,1,0,0,1
ld_TREE,32,100,bomhof3,15058,15058,2379,1.000,.197,1600,1866,9696247,1954
ld_TREE,2,100,human,24510,24510,12867,1.000,.952,1,0,0,1
ld_TREE,4,100,google,729996,729996,197683,1.000,.923,13,58,21788121,63
ld_TREE,4,100,human,44304,44304,19276,1.000,.574,40,6526,129670330,6530
ld_TREE,16,100,hamm,27105,27105,8201,1.000,.206,2455,6613,85573905,6624
ld_TREE,8,100,google,736102,736102,99012,1.000,.929,18,176,46283663,181
ld_TREE,8,100,human,77280,77280,29986,1.000,.322,85,18319,602527576,18325
ld_TREE,16,100,google,741805,741805,51766,1.000,.895,23,254,57285077,263
ld_TREE,64,100,bomhof1,13376,13376,6506,1.000,.032,3418,6316,33988958,6422
ld_TREE,32,100,hamm,28416,28416,8164,1.000,.108,5837,7358,103049954,7368
ld_TREE,16,100,human,129370,129370,46116,1.000,.175,212,36298,2057550658,36309
ld_TREE,64,100,bomhof2,8761,8761,1714,1.000,.079,657,1455,3377572,1466
ld_TREE,64,100,amazon,327552,327552,16071,1.000,.318,793,9401,1690912688,9412
ld_TREE,64,100,add20,5530,5530,782,1.000,.110,420,637,1438523,654
ld_TREE,2,100,dac,1006,1006,599,1.000,.839,1,0,0,1
ld_TREE,4,100,dac,1324,1324,630,1.000,.525,45,271,125063,275
ld_TREE,32,100,google,746683,746683,26399,1.000,.883,43,508,74183759,521
ld_TREE,8,100,dac,1566,1566,633,1.000,.309,100,436,253975,442
ld_TREE,2,100,ram2k,7397,7397,4754,1.000,.777,1,0,0,1
ld_TREE,64,100,bomhof3,15564,15564,2386,1.000,.101,2199,2142,10854961,2315
ld_TREE,16,100,dac,2120,2120,880,1.000,.150,379,745,576113,754
ld_TREE,4,100,ram2k,8905,8905,4356,1.000,.511,1421,1946,6046004,2075
ld_TREE,8,100,ram2k,13844,13844,7721,1.000,.224,697,5916,33792820,5923
ld_TREE,2,100,soc,125663,125663,71271,1.000,.881,1,0,0,1
ld_TREE,16,100,ram2k,19628,19628,11542,1.000,.106,6453,10339,81849637,10350
ld_TREE,32,100,human,217795,217795,77253,1.000,.088,784,68019,6445661160,68028
ld_TREE,32,100,dac,2276,2276,840,1.000,.084,526,767,623616,815
ld_TREE,64,100,google,757277,757277,15556,1.000,.760,132,1620,236491011,1632
ld_TREE,64,100,hamm,30517,30517,8251,1.000,.057,5746,7843,115209635,8020
ld_TREE,4,100,soc,160167,160167,62837,1.000,.637,158,24265,1486398995,24269
ld_TREE,2,100,roadnet,1485206,1485206,769978,1.000,.964,1,0,0,1
ld_TREE,4,100,roadnet,1485468,1485468,380888,1.000,.975,3,0,0,3
ld_TREE,32,100,ram2k,21490,21490,10375,1.000,.064,6218,9759,79614835,9957
ld_TREE,8,100,soc,203665,203665,56647,1.000,.449,81,32103,3063379425,32108
ld_TREE,8,100,roadnet,1485867,1485867,196466,1.000,.945,5,0,0,5
ld_TREE,2,100,stanford,262161,262161,133362,1.000,.982,1,0,0,1
ld_TREE,4,100,stanford,263570,263570,69740,1.000,.944,7,3,263955,8
ld_TREE,16,100,roadnet,1486518,1486518,102033,1.000,.910,9,3,125004,9
ld_TREE,16,100,soc,259473,259473,70331,1.000,.230,534,58543,6808464955,58550
ld_TREE,2,100,wiki,4065,4065,2461,1.000,.825,1,0,0,1
ld_TREE,64,100,dac,2504,2504,851,1.000,.045,805,801,656443,845
ld_TREE,8,100,stanford,264830,264830,35205,1.000,.940,13,20,923795,25
ld_TREE,4,100,wiki,6288,6288,2668,1.000,.589,21,719,1537683,723
ld_TREE,2,100,local,2048,2048,1026,1.000,.998,2,0,0,2
ld_TREE,4,100,local,4096,4096,2473,1.000,.414,408,1447,1986628,1452
ld_TREE,8,100,local,8192,8192,3213,1.000,.318,400,2185,6894262,2195
ld_TREE,8,100,wiki,10295,10295,3738,1.000,.344,43,1674,7975193,1677
ld_TREE,16,100,local,16384,16384,3916,1.000,.261,370,2889,19151864,2898
ld_TREE,64,100,human,359558,359558,127051,1.000,.044,1599,119006,18599486134,119047
ld_TREE,2,100,random,2048,2048,1026,1.000,.998,2,0,0,2
ld_TREE,16,100,stanford,266473,266473,18249,1.000,.912,16,55,1054226,62
ld_TREE,4,100,random,4096,4096,1945,1.000,.526,26,919,1853472,931
ld_TREE,32,100,local,32768,32768,5500,1.000,.186,484,4470,59794672,4480
ld_TREE,8,100,random,8192,8192,3078,1.000,.332,59,2051,8200409,2059
ld_TREE,16,100,random,16384,16384,5366,1.000,.190,98,4335,34996730,4343
ld_TREE,16,100,wiki,15488,15488,4946,1.000,.195,103,2681,20873446,2690
ld_XBAR,2,100,add20,2678,2678,1398,1.000,.957,1,0,0,1
ld_TREE,64,100,ram2k,26644,26644,13298,1.000,.031,8330,12918,129809510,13190
ld_TREE,32,100,roadnet,1487412,1487412,52866,1.000,.879,12,3,122201,12
ld_TREE,32,100,soc,356480,356480,88594,1.000,.125,670,80068,14587082100,80078
ld_TREE,32,100,random,32768,32768,10337,1.000,.099,241,9303,149923624,9314
ld_XBAR,4,100,add20,2941,2941,811,1.000,.906,13,11,13044,22
ld_XBAR,8,100,add20,3458,3458,563,1.000,.767,197,143,124072,197
ld_TREE,64,100,local,65536,65536,7196,1.000,.142,820,6163,153944559,6176
ld_TREE,32,100,wiki,21423,21423,6266,1.000,.106,305,3831,41541881,3844
ld_TREE,64,100,random,65536,65536,20451,1.000,.050,453,19416,629395140,19429
ld_XBAR,16,100,add20,4164,4164,424,1.000,.613,157,163,202967,170
ld_TREE,32,100,stanford,269307,269307,9229,1.000,.911,23,153,2563893,164
ld_XBAR,2,100,amazon,271188,271188,138425,1.000,.979,1,0,0,1
ld_XBAR,2,100,bomhof1,3986,3986,2540,1.000,.784,1,0,0,1
ld_XBAR,4,100,amazon,280248,280248,73239,1.000,.956,19,52,6195986,57
ld_XBAR,4,100,bomhof1,5161,5161,2366,1.000,.545,717,930,1666874,1007
ld_XBAR,2,100,bomhof2,5388,5388,2801,1.000,.961,1,0,0,1
ld_XBAR,8,100,bomhof1,8026,8026,2929,1.000,.342,1723,1814,6834598,1920
ld_XBAR,4,100,bomhof2,6206,6206,1951,1.000,.795,119,276,246856,281
ld_XBAR,8,100,amazon,291719,291719,39444,1.000,.924,35,241,22649374,248
ld_TREE,64,100,roadnet,1488956,1488956,27055,1.000,.859,15,6,297018,15
ld_XBAR,8,100,bomhof2,6828,6828,1519,1.000,.561,801,497,671814,801
ld_XBAR,16,100,bomhof1,9187,9187,2644,1.000,.217,2615,2042,8705767,2615
ld_XBAR,32,100,add20,4706,4706,665,1.000,.221,643,450,394130,644
ld_XBAR,16,100,amazon,302132,302132,20918,1.000,.902,153,229,31877549,238
ld_XBAR,2,100,bomhof3,13013,13013,6749,1.000,.964,1,0,0,1
ld_XBAR,4,100,bomhof3,13837,13837,3819,1.000,.905,71,137,369568,163
ld_XBAR,8,100,bomhof3,14340,14340,2101,1.000,.853,291,219,822075,392
ld_XBAR,16,100,bomhof2,7454,7454,1341,1.000,.347,1057,747,1247277,1057
ld_TREE,64,100,wiki,29463,29463,8118,1.000,.056,768,6006,85669294,6015
ld_TREE,64,100,stanford,274905,274905,5669,1.000,.757,43,227,3529195,238
ld_TREE,64,100,soc,372356,372356,116939,1.000,.049,19485,113918,18905262673,114525
ld_XBAR,16,100,bomhof3,14566,14566,2061,1.000,.441,1733,1118,3768368,1733
ld_XBAR,32,100,bomhof1,11637,11637,2641,1.000,.137,2629,2310,12330451,2629
ld_XBAR,32,100,amazon,314306,314306,11822,1.000,.830,565,358,42345821,570
ld_XBAR,2,100,hamm,21635,21635,12290,1.000,.880,1,0,0,1
ld_XBAR,32,100,bomhof2,8075,8075,1312,1.000,.192,1153,851,1701761,1153
ld_XBAR,4,100,hamm,23838,23838,7840,1.000,.760,422,1682,14704840,1726
ld_XBAR,8,100,hamm,25742,25742,7711,1.000,.417,6139,4568,55086510,6139
ld_XBAR,2,100,google,722589,722589,389599,1.000,.927,1,0,0,1
ld_XBAR,2,100,human,24510,24510,12867,1.000,.952,1,0,0,1
ld_XBAR,32,100,bomhof3,15058,15058,2077,1.000,.226,2053,1529,5713495,2053
ld_XBAR,4,100,google,729996,729996,197626,1.000,.923,7,0,0,7
ld_XBAR,64,100,add20,5530,5530,613,1.000,.140,593,517,237479,595
ld_XBAR,4,100,human,44304,44304,15332,1.000,.722,71,2496,54158474,2498
ld_XBAR,8,100,google,736102,736102,98953,1.000,.929,9,8,512425,15
ld_XBAR,16,100,hamm,27105,27105,7644,1.000,.221,7003,6056,79899677,7003
ld_XBAR,8,100,human,77280,77280,16586,1.000,.582,155,4919,190786245,4974
ld_XBAR,16,100,google,741805,741805,51577,1.000,.898,13,11,677146,22
ld_XBAR,64,100,bomhof1,13376,13376,2696,1.000,.077,2693,2358,13632245,2693
ld_XBAR,64,100,amazon,327552,327552,6920,1.000,.739,597,432,50968991,609
ld_XBAR,16,100,human,129370,129370,19091,1.000,.423,589,8442,518597854,8453
ld_XBAR,32,100,hamm,28416,28416,7612,1.000,.116,7573,6810,95594470,7573
ld_XBAR,2,100,dac,1006,1006,599,1.000,.839,1,0,0,1
ld_XBAR,4,100,dac,1324,1324,507,1.000,.652,82,148,67842,156
ld_XBAR,64,100,bomhof2,8761,8761,1274,1.000,.107,1225,840,1543377,1225
ld_XBAR,8,100,dac,1566,1566,527,1.000,.371,481,330,192371,481
ld_XBAR,32,100,google,746683,746683,26086,1.000,.894,17,8,165037,19
ld_XBAR,2,100,ram2k,7397,7397,4754,1.000,.777,1,0,0,1
ld_XBAR,64,100,bomhof3,15564,15564,2186,1.000,.111,2157,1559,4856735,2157
ld_XBAR,16,100,dac,2120,2120,549,1.000,.241,537,414,335366,537
ld_XBAR,4,100,ram2k,8905,8905,4124,1.000,.539,1589,1711,5001916,2063
ld_XBAR,32,100,human,217795,217795,21307,1.000,.319,1075,11793,1163164831,11802
ld_XBAR,8,100,ram2k,13844,13844,5213,1.000,.331,4675,3399,21130561,4675
ld_XBAR,2,100,soc,125663,125663,71271,1.000,.881,1,0,0,1
ld_XBAR,2,100,roadnet,1485206,1485206,769978,1.000,.964,1,0,0,1
ld_XBAR,4,100,soc,160167,160167,56996,1.000,.702,211,18128,986516971,18131
ld_XBAR,16,100,ram2k,19628,19628,6060,1.000,.202,5939,4857,41840271,5939
ld_XBAR,4,100,roadnet,1485468,1485468,380888,1.000,.975,3,0,0,3
ld_XBAR,32,100,dac,2276,2276,569,1.000,.125,565,436,310472,565
ld_XBAR,64,100,hamm,30517,30517,7910,1.000,.060,7909,7172,101555514,7909
ld_XBAR,8,100,roadnet,1485867,1485867,196466,1.000,.945,5,0,0,5
ld_XBAR,8,100,soc,203665,203665,44437,1.000,.572,959,21474,1438466337,21479
ld_XBAR,2,100,stanford,262161,262161,133362,1.000,.982,1,0,0,1
ld_XBAR,64,100,google,757277,757277,14269,1.000,.829,21,13,660795,26
ld_XBAR,32,100,ram2k,21490,21490,5120,1.000,.131,5051,4504,40081790,5051
ld_XBAR,16,100,roadnet,1486518,1486518,102033,1.000,.910,9,0,0,9
ld_XBAR,4,100,stanford,263570,263570,69737,1.000,.944,5,0,0,5
ld_XBAR,2,100,wiki,4065,4065,2461,1.000,.825,1,0,0,1
ld_XBAR,16,100,soc,259473,259473,41461,1.000,.391,5194,25803,2710569985,25920
ld_XBAR,4,100,wiki,6288,6288,2339,1.000,.672,19,368,509126,373
ld_XBAR,8,100,stanford,264830,264830,35205,1.000,.940,7,0,0,7
ld_XBAR,64,100,human,359558,359558,21909,1.000,.256,2376,14179,2277451829,14190
ld_XBAR,8,100,wiki,10295,10295,2626,1.000,.490,83,584,2330915,591
ld_XBAR,2,100,local,2048,2048,1026,1.000,.998,2,0,0,2
ld_XBAR,4,100,local,4096,4096,2046,1.000,.500,369,1021,1365789,1031
ld_XBAR,8,100,local,8192,8192,2293,1.000,.446,478,1266,4025837,1272
ld_XBAR,2,100,random,2048,2048,1026,1.000,.998,2,0,0,2
ld_XBAR,16,100,local,16384,16384,2354,1.000,.435,944,1326,9727688,1358
ld_XBAR,4,100,random,4096,4096,1579,1.000,.648,29,553,985761,565
ld_XBAR,16,100,wiki,15488,15488,2797,1.000,.346,405,979,4361754,988
ld_XBAR,8,100,random,8192,8192,1789,1.000,.572,90,760,2954241,778
ld_XBAR,16,100,stanford,266473,266473,18194,1.000,.915,9,3,32271,10
ld_XBAR,64,100,dac,2504,2504,598,1.000,.065,595,312,151586,595
ld_XBAR,32,100,roadnet,1487412,1487412,52866,1.000,.879,9,0,0,9
ld_MESH0,2,100,add20,2678,2678,1398,1.000,.957,1,0,0,1
ld_XBAR,32,100,local,32768,32768,2297,1.000,.445,1320,1269,17562228,1665
ld_XBAR,16,100,random,16384,16384,2032,1.000,.503,130,1001,7814988,1049
ld_XBAR,32,100,soc,356480,356480,27821,1.000,.400,1331,17343,2741690717,17731
ld_MESH0,4,100,add20,2941,2941,811,1.000,.906,13,11,13044,22
ld_MESH0,8,100,add20,3458,3458,566,1.000,.763,71,146,137040,151
ld_XBAR,32,100,random,32768,32768,2293,1.000,.446,210,1260,19721092,1319
ld_XBAR,64,100,ram2k,26644,26644,5504,1.000,.075,5501,5028,55368272,5501
ld_XBAR,32,100,stanford,269307,269307,9215,1.000,.913,13,30,171182,41
ld_MESH0,16,100,add20,4164,4164,448,1.000,.580,84,149,257886,171
ld_XBAR,32,100,wiki,21423,21423,3162,1.000,.211,1054,1043,7017148,1158
ld_MESH0,2,100,amazon,271188,271188,138425,1.000,.979,1,0,0,1
ld_MESH0,2,100,bomhof1,3986,3986,2540,1.000,.784,1,0,0,1
ld_XBAR,64,100,local,65536,65536,2174,1.000,.471,2003,1147,28083154,2058
ld_MESH0,4,100,amazon,280248,280248,73239,1.000,.956,19,52,6195986,57
ld_MESH0,4,100,bomhof1,5161,5161,2366,1.000,.545,717,930,1666874,1007
ld_XBAR,64,100,random,65536,65536,2514,1.000,.407,290,1479,45817613,1533
ld_MESH0,8,100,amazon,291719,291719,39497,1.000,.923,29,247,32382548,256
ld_MESH0,2,100,bomhof2,5388,5388,2801,1.000,.961,1,0,0,1
ld_MESH0,8,100,bomhof1,8026,8026,3061,1.000,.327,675,1946,6955355,1967
ld_MESH0,4,100,bomhof2,6206,6206,1951,1.000,.795,119,276,246856,281
ld_MESH0,32,100,add20,4706,4706,667,1.000,.220,651,516,718981,651
ld_MESH0,8,100,bomhof2,6828,6828,1497,1.000,.570,438,475,695928,625
ld_MESH0,16,100,bomhof1,9187,9187,2961,1.000,.193,1799,2369,9898234,2470
ld_MESH0,2,100,bomhof3,13013,13013,6749,1.000,.964,1,0,0,1
ld_MESH0,16,100,amazon,302132,302132,21040,1.000,.897,90,385,54760094,396
ld_XBAR,64,100,roadnet,1488956,1488956,27055,1.000,.859,13,0,0,13
ld_MESH0,4,100,bomhof3,13837,13837,3819,1.000,.905,71,137,369568,163
ld_MESH0,16,100,bomhof2,7454,7454,1413,1.000,.329,1015,756,1347191,1015
ld_MESH0,8,100,bomhof3,14340,14340,2143,1.000,.836,231,279,984404,436
ld_XBAR,64,100,soc,372356,372356,38344,1.000,.151,16201,33312,4768693953,34676
ld_MESH0,16,100,bomhof3,14566,14566,2067,1.000,.440,1693,1124,4137565,1693
ld_MESH0,32,100,bomhof1,11637,11637,2825,1.000,.128,1259,2475,13371685,2597
ld_MESH0,32,100,amazon,314306,314306,12173,1.000,.806,152,698,109298066,711
ld_XBAR,64,100,stanford,274905,274905,5526,1.000,.777,17,31,292447,42
ld_XBAR,64,100,wiki,29463,29463,2769,1.000,.166,1140,1000,13572853,1610
ld_MESH0,2,100,hamm,21635,21635,12290,1.000,.880,1,0,0,1
ld_MESH0,32,100,bomhof2,8075,8075,1348,1.000,.187,1140,938,2021897,1140
ld_MESH0,4,100,hamm,23838,23838,7840,1.000,.760,422,1682,14704840,1726
ld_MESH0,8,100,hamm,25742,25742,7803,1.000,.412,4138,4660,55305297,4747
ld_MESH0,64,100,add20,5530,5530,610,1.000,.141,583,532,613474,583
ld_MESH0,2,100,google,722589,722589,389599,1.000,.927,1,0,0,1
ld_MESH0,2,100,human,24510,24510,12867,1.000,.952,1,0,0,1
ld_MESH0,32,100,bomhof3,15058,15058,2140,1.000,.219,2011,1627,7552683,2011
ld_MESH0,4,100,google,729996,729996,197626,1.000,.923,7,0,0,7
ld_MESH0,4,100,human,44304,44304,15332,1.000,.722,71,2496,54158474,2498
ld_MESH0,16,100,hamm,27105,27105,7652,1.000,.221,7016,6064,80553945,7016
ld_MESH0,8,100,human,77280,77280,18522,1.000,.521,81,6823,243744065,6832
ld_MESH0,8,100,google,736102,736102,98959,1.000,.929,11,8,939584,17
ld_MESH0,64,100,bomhof1,13376,13376,2800,1.000,.074,2715,2599,15727756,2754
ld_MESH0,16,100,human,129370,129370,24080,1.000,.335,236,13610,785716611,13623
ld_MESH0,64,100,amazon,327552,327552,7271,1.000,.703,404,1183,198715309,1206
ld_MESH0,32,100,hamm,28416,28416,7697,1.000,.115,7574,6892,97290345,7574
ld_MESH0,16,100,google,741805,741805,51579,1.000,.898,17,16,1009149,29
ld_MESH0,2,100,dac,1006,1006,599,1.000,.839,1,0,0,1
ld_MESH0,64,100,bomhof2,8761,8761,1291,1.000,.106,1199,1045,2466963,1199
ld_MESH0,4,100,dac,1324,1324,507,1.000,.652,82,148,67842,156
ld_MESH0,8,100,dac,1566,1566,522,1.000,.375,391,329,201826,394
ld_MESH0,64,100,bomhof3,15564,15564,2196,1.000,.110,2185,1838,8173345,2185
ld_MESH0,2,100,ram2k,7397,7397,4754,1.000,.777,1,0,0,1
ld_MESH0,32,100,google,746683,746683,26086,1.000,.894,29,13,762178,30
ld_MESH0,16,100,dac,2120,2120,570,1.000,.232,405,439,372755,477
ld_MESH0,4,100,ram2k,8905,8905,4124,1.000,.539,1589,1711,5001916,2063
ld_MESH0,32,100,human,217795,217795,30062,1.000,.226,302,20252,2020981110,20265
ld_MESH0,8,100,ram2k,13844,13844,5411,1.000,.319,994,3590,22157905,3620
ld_MESH0,2,100,soc,125663,125663,71271,1.000,.881,1,0,0,1
ld_MESH0,2,100,roadnet,1485206,1485206,769978,1.000,.964,1,0,0,1
ld_MESH0,64,100,hamm,30517,30517,7917,1.000,.060,7913,7430,108234204,7913
ld_MESH0,16,100,ram2k,19628,19628,6956,1.000,.176,6605,5753,46957777,6605
ld_MESH0,4,100,soc,160167,160167,56996,1.000,.702,211,18128,986516971,18131
ld_MESH0,32,100,dac,2276,2276,566,1.000,.125,561,490,413669,561
ld_MESH0,4,100,roadnet,1485468,1485468,380888,1.000,.975,3,0,0,3
ld_MESH0,8,100,soc,203665,203665,44346,1.000,.574,243,21383,1592397088,21388
ld_MESH0,8,100,roadnet,1485867,1485867,196466,1.000,.945,5,0,0,5
ld_MESH0,2,100,stanford,262161,262161,133362,1.000,.982,1,0,0,1
ld_MESH0,64,100,google,757277,757277,14269,1.000,.829,51,13,757862,57
ld_MESH0,32,100,ram2k,21490,21490,5580,1.000,.120,4855,4956,44750925,5435
ld_MESH0,16,100,roadnet,1486518,1486518,102033,1.000,.910,9,0,0,9
ld_MESH0,16,100,soc,259473,259473,43666,1.000,.371,923,30652,3151909781,30682
ld_MESH0,4,100,stanford,263570,263570,69737,1.000,.944,5,0,0,5
ld_MESH0,2,100,wiki,4065,4065,2461,1.000,.825,1,0,0,1
ld_MESH0,64,100,human,359558,359558,36995,1.000,.151,616,28890,4672348634,28911
ld_MESH0,4,100,wiki,6288,6288,2339,1.000,.672,19,368,509126,373
ld_MESH0,8,100,stanford,264830,264830,35205,1.000,.940,7,0,0,7
ld_MESH0,8,100,wiki,10295,10295,2696,1.000,.477,57,674,2875973,681
ld_MESH0,2,100,local,2048,2048,1026,1.000,.998,2,0,0,2
ld_MESH0,4,100,local,4096,4096,2046,1.000,.500,369,1021,1365789,1031
ld_MESH0,8,100,local,8192,8192,2503,1.000,.409,462,1476,4737739,1486
ld_MESH0,64,100,dac,2504,2504,586,1.000,.066,583,475,347523,583
ld_MESH0,16,100,local,16384,16384,2722,1.000,.376,733,1691,11850752,1703
ld_MESH0,2,100,random,2048,2048,1026,1.000,.998,2,0,0,2
ld_MESH0,4,100,random,4096,4096,1579,1.000,.648,29,553,985761,565
ld_MESH0,16,100,stanford,266473,266473,18194,1.000,.915,9,3,32271,10
ld_MESH0,8,100,random,8192,8192,1982,1.000,.516,47,956,3755792,978
ld_MESH0,16,100,wiki,15488,15488,3045,1.000,.317,135,999,6715393,1008
ld_MESH0,16,100,random,16384,16384,2631,1.000,.389,116,1601,12599269,1611
ld_MESH1,2,100,add20,2678,2678,1398,1.000,.957,1,0,0,1
ld_MESH0,32,100,roadnet,1487412,1487412,52866,1.000,.879,9,0,0,9
ld_MESH0,32,100,local,32768,32768,2877,1.000,.355,801,1847,23587997,1857
ld_MESH0,32,100,soc,356480,356480,36440,1.000,.305,266,27971,4486097617,28058
ld_MESH1,4,100,add20,2941,2941,811,1.000,.906,13,11,13044,22
ld_MESH0,32,100,random,32768,32768,3632,1.000,.281,92,2599,40660243,2613
ld_MESH1,8,100,add20,3458,3458,563,1.000,.767,197,143,124072,197
ld_MESH0,64,100,ram2k,26644,26644,5746,1.000,.072,4603,5370,60570491,5647
ld_MESH0,32,100,stanford,269307,269307,9215,1.000,.913,15,29,219607,40
ld_MESH0,64,100,local,65536,65536,2996,1.000,.341,1184,1967,46033772,1993
ld_MESH1,16,100,add20,4164,4164,426,1.000,.610,150,156,204997,183
ld_MESH0,32,100,wiki,21423,21423,3444,1.000,.194,217,1320,11363127,1329
ld_MESH1,2,100,amazon,271188,271188,138425,1.000,.979,1,0,0,1
ld_MESH0,64,100,random,65536,65536,5047,1.000,.202,136,4014,128206729,4027
ld_MESH1,2,100,bomhof1,3986,3986,2540,1.000,.784,1,0,0,1
ld_MESH1,4,100,amazon,280248,280248,73239,1.000,.956,19,52,6195986,57
ld_MESH1,4,100,bomhof1,5161,5161,2366,1.000,.545,717,930,1666874,1007
ld_MESH1,2,100,bomhof2,5388,5388,2801,1.000,.961,1,0,0,1
ld_MESH1,8,100,bomhof1,8026,8026,2929,1.000,.342,1723,1814,6834598,1920
ld_MESH1,8,100,amazon,291719,291719,39444,1.000,.924,35,241,22649374,248
ld_MESH1,4,100,bomhof2,6206,6206,1951,1.000,.795,119,276,246856,281
ld_MESH1,8,100,bomhof2,6828,6828,1519,1.000,.561,801,497,671814,801
ld_MESH1,32,100,add20,4706,4706,647,1.000,.227,639,441,540659,639
ld_MESH0,64,100,roadnet,1488956,1488956,27055,1.000,.859,13,0,0,13
ld_MESH1,16,100,bomhof1,9187,9187,2709,1.000,.211,1703,2075,8923887,2332
ld_MESH1,16,100,amazon,302132,302132,20912,1.000,.902,125,261,35368741,270
ld_MESH1,2,100,bomhof3,13013,13013,6749,1.000,.964,1,0,0,1
ld_MESH1,4,100,bomhof3,13837,13837,3819,1.000,.905,71,137,369568,163
ld_MESH1,16,100,bomhof2,7454,7454,1372,1.000,.339,1071,744,1293259,1071
ld_MESH0,64,100,soc,372356,372356,45246,1.000,.128,4868,41884,6303989887,42221
ld_MESH1,8,100,bomhof3,14340,14340,2101,1.000,.853,291,219,822075,392
ld_MESH0,64,100,stanford,274905,274905,5526,1.000,.777,21,30,348761,45
ld_MESH0,64,100,wiki,29463,29463,3283,1.000,.140,560,1636,21937336,1653
ld_MESH1,32,100,bomhof1,11637,11637,2713,1.000,.134,2051,2363,12729813,2618
ld_MESH1,16,100,bomhof3,14566,14566,2063,1.000,.441,1593,1121,4020512,1593
ld_MESH1,32,100,amazon,314306,314306,11928,1.000,.823,217,453,54282088,464
ld_MESH1,2,100,hamm,21635,21635,12290,1.000,.880,1,0,0,1
ld_MESH1,4,100,hamm,23838,23838,7840,1.000,.760,422,1682,14704840,1726
ld_MESH1,32,100,bomhof2,8075,8075,1345,1.000,.187,1147,895,1900360,1147
ld_MESH1,8,100,hamm,25742,25742,7711,1.000,.417,6139,4568,55086510,6139
ld_MESH1,2,100,google,722589,722589,389599,1.000,.927,1,0,0,1
ld_MESH1,2,100,human,24510,24510,12867,1.000,.952,1,0,0,1
ld_MESH1,64,100,add20,5530,5530,607,1.000,.142,597,525,390550,599
ld_MESH1,32,100,bomhof3,15058,15058,2119,1.000,.222,2067,1606,6644220,2067
ld_MESH1,4,100,google,729996,729996,197626,1.000,.923,7,0,0,7
ld_MESH1,16,100,hamm,27105,27105,7630,1.000,.222,7049,6048,80148584,7049
ld_MESH1,4,100,human,44304,44304,15332,1.000,.722,71,2496,54158474,2498
ld_MESH1,8,100,google,736102,736102,98953,1.000,.929,9,8,512425,15
ld_MESH1,8,100,human,77280,77280,16586,1.000,.582,155,4919,190786245,4974
ld_MESH1,64,100,bomhof1,13376,13376,2688,1.000,.077,2683,2461,14805538,2683
ld_MESH1,16,100,google,741805,741805,51577,1.000,.898,17,11,677146,24
ld_MESH1,32,100,hamm,28416,28416,7682,1.000,.115,7587,6880,96735469,7587
ld_MESH1,16,100,human,129370,129370,19715,1.000,.410,196,9208,552947740,9219
ld_MESH1,64,100,amazon,327552,327552,6969,1.000,.734,447,558,87528736,693
ld_MESH1,64,100,bomhof2,8761,8761,1280,1.000,.106,1241,971,2131768,1241
ld_MESH1,2,100,dac,1006,1006,599,1.000,.839,1,0,0,1
ld_MESH1,4,100,dac,1324,1324,507,1.000,.652,82,148,67842,156
ld_MESH1,8,100,dac,1566,1566,527,1.000,.371,481,330,192371,481
ld_MESH1,2,100,ram2k,7397,7397,4754,1.000,.777,1,0,0,1
ld_MESH1,64,100,bomhof3,15564,15564,2185,1.000,.111,2165,1730,6632292,2165
ld_MESH1,32,100,google,746683,746683,26086,1.000,.894,23,8,165037,23
ld_MESH1,4,100,ram2k,8905,8905,4124,1.000,.539,1589,1711,5001916,2063
ld_MESH1,16,100,dac,2120,2120,548,1.000,.241,541,414,347881,541
ld_MESH1,32,100,human,217795,217795,24433,1.000,.278,378,14630,1423138234,14641
ld_MESH1,8,100,ram2k,13844,13844,5213,1.000,.331,4675,3399,21130561,4675
ld_MESH1,2,100,soc,125663,125663,71271,1.000,.881,1,0,0,1
ld_MESH1,2,100,roadnet,1485206,1485206,769978,1.000,.964,1,0,0,1
ld_MESH1,4,100,soc,160167,160167,56996,1.000,.702,211,18128,986516971,18131
ld_MESH1,64,100,hamm,30517,30517,7924,1.000,.060,7923,7371,105860050,7923
ld_MESH1,16,100,ram2k,19628,19628,6013,1.000,.204,1955,4810,41726942,4860
ld_MESH1,32,100,dac,2276,2276,571,1.000,.124,567,460,360967,567
ld_MESH1,4,100,roadnet,1485468,1485468,380888,1.000,.975,3,0,0,3
ld_MESH1,8,100,soc,203665,203665,44437,1.000,.572,959,21474,1438466337,21479
ld_MESH1,8,100,roadnet,1485867,1485867,196466,1.000,.945,5,0,0,5
ld_MESH1,2,100,stanford,262161,262161,133362,1.000,.982,1,0,0,1
ld_MESH1,64,100,google,757277,757277,14269,1.000,.829,35,13,629317,35
ld_MESH1,32,100,ram2k,21490,21490,5106,1.000,.131,4359,4490,40739255,4939
ld_MESH1,16,100,roadnet,1486518,1486518,102033,1.000,.910,9,0,0,9
ld_MESH1,16,100,soc,259473,259473,42209,1.000,.384,848,26774,2795737361,26875
ld_MESH1,4,100,stanford,263570,263570,69737,1.000,.944,5,0,0,5
ld_MESH1,2,100,wiki,4065,4065,2461,1.000,.825,1,0,0,1
ld_MESH1,64,100,human,359558,359558,27011,1.000,.207,821,19060,3110146557,19073
ld_MESH1,4,100,wiki,6288,6288,2339,1.000,.672,19,368,509126,373
ld_MESH1,8,100,stanford,264830,264830,35205,1.000,.940,7,0,0,7
ld_MESH1,8,100,wiki,10295,10295,2626,1.000,.490,83,584,2330915,591
ld_MESH1,4,100,local,4096,4096,2046,1.000,.500,369,1021,1365789,1031
ld_MESH1,2,100,local,2048,2048,1026,1.000,.998,2,0,0,2
ld_MESH1,8,100,local,8192,8192,2293,1.000,.446,478,1266,4025837,1272
ld_MESH1,64,100,dac,2504,2504,576,1.000,.067,573,412,253106,573
ld_MESH1,4,100,random,4096,4096,1579,1.000,.648,29,553,985761,565
ld_MESH1,16,100,local,16384,16384,2421,1.000,.422,592,1393,9911875,1414
ld_MESH1,2,100,random,2048,2048,1026,1.000,.998,2,0,0,2
ld_MESH1,16,100,stanford,266473,266473,18194,1.000,.915,9,3,32271,10
ld_MESH1,32,100,roadnet,1487412,1487412,52866,1.000,.879,9,0,0,9
ld_MESH1,8,100,random,8192,8192,1789,1.000,.572,90,760,2954241,778
ld_MESH1,16,100,random,16384,16384,2217,1.000,.461,86,1187,9179340,1209
ld_MESH1,16,100,wiki,15488,15488,2851,1.000,.339,169,963,5002037,975
ld_MESH1,32,100,local,32768,32768,2458,1.000,.416,1134,1428,19423620,1504
ld_MESH1,32,100,soc,356480,356480,29374,1.000,.379,503,21145,3189656912,21300
ld_MESH1,32,100,random,32768,32768,2754,1.000,.371,104,1721,26569764,1746
ld_MESH1,64,100,ram2k,26644,26644,5626,1.000,.073,5625,5211,57775787,5625
ld_MESH1,32,100,stanford,269307,269307,9215,1.000,.913,13,30,171182,41
ld_MESH1,64,100,local,65536,65536,2387,1.000,.428,1214,1355,35100184,1493
ld_MESH1,32,100,wiki,21423,21423,3263,1.000,.205,407,1093,8253985,1109
ld_MESH1,64,100,random,65536,65536,3416,1.000,.299,167,2381,75882021,2427
ld_MESH1,64,100,roadnet,1488956,1488956,27055,1.000,.859,13,0,0,13
ld_MESH1,64,100,soc,372356,372356,39489,1.000,.147,7781,35631,5186309218,35920
ld_MESH1,64,100,stanford,274905,274905,5526,1.000,.777,23,31,292447,42
ld_MESH1,64,100,wiki,29463,29463,2877,1.000,.160,517,1227,15930323,1290
CMU,8,100,add20,3458,3458,528,1.000,.818,151,125,104120,152
CMU,16,100,add20,4164,4164,393,1.000,.662,195,111,73948,195
CMU,32,100,add20,4706,4706,659,1.000,.223,541,497,657383,550
CMU,8,100,bomhof1,8026,8026,2547,1.000,.393,912,1450,4662110,1476
CMU,16,100,bomhof1,9187,9187,2676,1.000,.214,1879,2074,7688995,2092
CMU,8,100,amazon,291719,291719,39381,1.000,.925,11,0,0,11
CMU,32,100,bomhof1,11637,11637,2660,1.000,.136,1981,2302,10978527,2320
CMU,8,100,bomhof2,6828,6828,1454,1.000,.587,497,616,586569,651
CMU,16,100,bomhof2,7454,7454,1373,1.000,.339,780,873,1120690,916
CMU,16,100,amazon,302132,302132,20762,1.000,.909,18,4,132121,19
CMU,32,100,bomhof2,8075,8075,1430,1.000,.176,949,964,1705046,1006
CMU,8,100,bomhof3,14340,14340,2163,1.000,.828,179,196,443306,275
CMU,16,100,bomhof3,14566,14566,2272,1.000,.400,1432,1330,3645914,1454
CMU,64,100,add20,5530,5530,592,1.000,.145,563,483,374371,563
CMU,32,100,bomhof3,15058,15058,2123,1.000,.221,1738,1652,5172156,1738
CMU,32,100,amazon,314306,314306,11480,1.000,.855,25,15,398882,33
CMU,8,100,google,736102,736102,98953,1.000,.929,5,0,0,5
CMU,64,100,bomhof2,8761,8761,1254,1.000,.109,1129,1084,1825167,1139
CMU,64,100,bomhof1,13376,13376,2619,1.000,.079,2356,2389,12741666,2418
CMU,8,100,hamm,25742,25742,8103,1.000,.397,4606,5048,51951560,5084
CMU,16,100,hamm,27105,27105,8044,1.000,.210,6333,6475,73425579,6523
CMU,64,100,bomhof3,15564,15564,2193,1.000,.110,1914,1927,5511459,1984
CMU,16,100,google,741805,741805,51577,1.000,.898,10,0,0,10
CMU,32,100,hamm,28416,28416,7947,1.000,.111,7078,7156,87668708,7212
CMU,8,100,human,77280,77280,13309,1.000,.725,72,1644,33415470,1655
CMU,64,100,amazon,327552,327552,6715,1.000,.762,49,65,1393532,84
CMU,16,100,human,129370,129370,13730,1.000,.588,194,4269,151159858,4285
CMU,32,100,google,746683,746683,26086,1.000,.894,11,0,0,11
CMU,8,100,roadnet,1485867,1485867,196466,1.000,.945,3,0,0,3
CMU,64,100,hamm,30517,30517,7978,1.000,.059,7626,7584,98434952,7664
CMU,32,100,human,217795,217795,13660,1.000,.498,205,4810,279935823,4824
CMU,8,100,dac,1566,1566,516,1.000,.379,322,323,165562,349
CMU,16,100,dac,2120,2120,550,1.000,.240,471,423,246845,471
CMU,32,100,dac,2276,2276,567,1.000,.125,530,501,267854,530
CMU,64,100,google,757277,757277,14256,1.000,.829,15,0,0,15
CMU,8,100,ram2k,13844,13844,4861,1.000,.355,2426,3235,17524685,3264
CMU,16,100,ram2k,19628,19628,4868,1.000,.252,3511,3777,29640925,3827
CMU,16,100,roadnet,1486518,1486518,102033,1.000,.910,5,0,0,5
CMU,32,100,ram2k,21490,21490,5329,1.000,.126,4418,4717,35623021,4739
CMU,64,100,dac,2504,2504,571,1.000,.068,548,460,95925,548
CMU,8,100,soc,203665,203665,43622,1.000,.583,546,22102,1065136479,22123
CMU,32,100,roadnet,1487412,1487412,52866,1.000,.879,8,0,0,8
CMU,16,100,soc,259473,259473,32894,1.000,.493,1162,20238,1554407288,20282
CMU,8,100,stanford,264830,264830,35205,1.000,.940,4,0,0,4
CMU,64,100,ram2k,26644,26644,5910,1.000,.070,4683,4664,55765411,4696
CMU,16,100,stanford,266473,266473,18194,1.000,.915,7,0,0,7
CMU,32,100,stanford,269307,269307,9215,1.000,.913,9,0,0,9
CMU,8,100,wiki,10295,10295,2334,1.000,.551,41,88,235791,100
CMU,16,100,wiki,15488,15488,2665,1.000,.363,121,287,1923239,322
CMU,32,100,wiki,21423,21423,3078,1.000,.217,224,778,5149075,792
CMU,64,100,human,359558,359558,12083,1.000,.464,386,5525,513470263,5544
CMU,8,100,local,8192,8192,1555,1.000,.658,73,525,1372760,532
CMU,16,100,local,16384,16384,1524,1.000,.671,84,494,2266322,501
CMU,64,100,roadnet,1488956,1488956,27055,1.000,.859,10,0,0,10
CMU,64,100,stanford,274905,274905,5526,1.000,.777,12,0,0,12
CMU,8,100,random,8192,8192,1451,1.000,.705,45,419,1540187,434
CMU,16,100,random,16384,16384,1575,1.000,.650,57,541,3411133,561
CMU,32,100,local,32768,32768,1533,1.000,.667,101,503,4660609,510
CMU,32,100,soc,356480,356480,23146,1.000,.481,1469,13669,1169213205,13684
CMU,32,100,random,32768,32768,1715,1.000,.597,81,679,7749669,706
CMU,64,100,wiki,29463,29463,2977,1.000,.154,670,1231,9766033,1246
CMU,64,100,local,65536,65536,1551,1.000,.660,111,521,9196247,528
CMU,64,100,random,65536,65536,1909,1.000,.536,118,872,18146672,894
CMU,64,100,soc,372356,372356,36319,1.000,.160,17993,26811,3232981603,26843
fc_BFT0,16,20,local,16384,16384,5527,.200,.185,15,3,276,15
fc_BFT0,16,10,local,16384,16384,10839,.100,.094,10,1,61,10
fc_BFT0,16,60,local,16384,16384,2338,.600,.437,35,747,3219863,756
fc_BFT0,16,30,local,16384,16384,3653,.300,.280,16,4,1253,17
fc_BFT0,16,50,local,16384,16384,2297,.500,.445,33,408,652555,427
fc_BFT0,16,40,local,16384,16384,2671,.400,.383,22,21,9224,29
fc_BFT0,16,70,local,16384,16384,2254,.700,.454,31,822,4650049,833
fc_BFT0,16,80,local,16384,16384,2298,.800,.445,30,1024,6268574,1033
fc_BFT0,16,10,random,16384,16384,10840,.100,.094,19,3,157,19
fc_BFT0,16,100,local,16384,16384,2338,1.000,.437,35,1308,8470660,1315
fc_BFT0,16,20,random,16384,16384,5532,.200,.185,41,493,1682930,513
fc_BFT0,16,90,local,16384,16384,2297,.900,.445,31,1161,7417786,1169
fc_BFT0,16,30,random,16384,16384,5273,.300,.194,40,2066,15099632,2082
fc_BFT0,16,40,random,16384,16384,5284,.400,.193,40,2828,21654673,2836
fc_BFT0,16,70,random,16384,16384,5328,.700,.192,37,3908,30774521,3916
fc_BFT0,16,60,random,16384,16384,5300,.600,.193,40,3625,28952317,3637
fc_BFT0,16,50,random,16384,16384,5303,.500,.193,38,3321,26317832,3329
fc_BFT3,16,10,local,16384,16384,10839,.100,.094,10,2,36,10
fc_BFT0,16,80,random,16384,16384,5237,.800,.195,43,3990,31830469,3999
fc_BFT3,16,20,local,16384,16384,5527,.200,.185,10,2,146,10
fc_BFT3,16,30,local,16384,16384,3653,.300,.280,12,3,433,12
fc_BFT3,16,40,local,16384,16384,2671,.400,.383,20,3,1119,20
fc_BFT3,16,50,local,16384,16384,2120,.500,.483,21,12,3675,22
fc_BFT3,16,60,local,16384,16384,1761,.600,.581,39,49,41276,57
fc_BFT3,16,70,local,16384,16384,1702,.700,.601,59,281,550554,289
fc_BFT3,16,80,local,16384,16384,1790,.800,.572,68,559,1752967,568
fc_BFT3,16,90,local,16384,16384,1712,.900,.598,69,572,2715581,590
fc_BFT3,16,100,local,16384,16384,1746,1.000,.586,61,718,3685674,723
fc_BFT3,16,10,random,16384,16384,10840,.100,.094,11,1,9,11
fc_BFT3,16,20,random,16384,16384,5532,.200,.185,12,2,64,12
fc_BFT3,16,30,random,16384,16384,3651,.300,.280,16,3,294,16
fc_BFT3,16,40,random,16384,16384,2677,.400,.382,25,8,1099,25
fc_BFT3,16,50,random,16384,16384,2123,.500,.482,35,23,10304,41
fc_BFT3,16,60,random,16384,16384,1873,.600,.546,51,238,850035,253
fc_BFT3,16,70,random,16384,16384,1917,.700,.534,64,545,2921820,555
fc_BFT3,16,80,random,16384,16384,1891,.800,.541,63,639,4365848,649
fc_BFT3,16,90,random,16384,16384,1897,.900,.539,63,772,5490982,783
fc_BFT3,16,100,random,16384,16384,1895,1.000,.540,55,866,6294490,874
fc_BFT0,16,100,random,16384,16384,5380,1.000,.190,39,4350,34582471,4357
fc_BFT0,16,90,random,16384,16384,5218,.900,.196,38,4100,33019419,4109
fc_BFT1,16,10,local,16384,16384,10839,.100,.094,10,2,34,10
fc_BFT1,16,30,local,16384,16384,3653,.300,.280,13,3,426,13
fc_BFT1,16,40,local,16384,16384,2671,.400,.383,15,5,1180,15
fc_BFT1,16,20,local,16384,16384,5527,.200,.185,11,2,162,11
fc_BFT1,16,50,local,16384,16384,2120,.500,.483,29,8,4003,29
fc_BFT1,16,60,local,16384,16384,1764,.600,.580,48,89,132084,107
fc_BFT1,16,70,local,16384,16384,1776,.700,.576,55,389,958033,403
fc_BFT1,16,90,local,16384,16384,1829,.900,.559,47,701,3288341,716
fc_BFT1,16,80,local,16384,16384,1811,.800,.565,51,567,2178422,580
fc_BFT1,16,100,local,16384,16384,1862,1.000,.549,54,832,4144785,842
fc_BFT1,16,10,random,16384,16384,10840,.100,.094,11,1,11,11
fc_BFT1,16,20,random,16384,16384,5532,.200,.185,14,3,132,14
fc_BFT1,16,30,random,16384,16384,3651,.300,.280,26,8,1167,26
fc_BFT1,16,50,random,16384,16384,2513,.500,.407,36,503,3134829,517
fc_BFT1,16,40,random,16384,16384,2677,.400,.382,36,85,67121,99
fc_BFT1,16,60,random,16384,16384,2517,.600,.406,53,839,5910328,852
fc_BFT1,16,70,random,16384,16384,2492,.700,.410,38,1078,7790775,1088
fc_BFT1,16,80,random,16384,16384,2538,.800,.403,43,1275,9570107,1284
fc_BFT2,16,10,local,16384,16384,10839,.100,.094,10,2,36,10
fc_BFT2,16,20,local,16384,16384,5527,.200,.185,10,2,146,10
fc_BFT1,16,90,random,16384,16384,2536,.900,.403,42,1421,10455544,1429
fc_BFT2,16,30,local,16384,16384,3653,.300,.280,12,3,433,12
fc_BFT1,16,100,random,16384,16384,2503,1.000,.409,37,1474,11270132,1481
fc_BFT2,16,50,local,16384,16384,2120,.500,.483,21,12,3675,22
fc_BFT2,16,40,local,16384,16384,2671,.400,.383,20,3,1119,20
fc_BFT2,16,60,local,16384,16384,1761,.600,.581,39,49,41276,57
fc_BFT2,16,80,local,16384,16384,1790,.800,.572,68,559,1752967,568
fc_BFT2,16,70,local,16384,16384,1702,.700,.601,59,281,550554,289
fc_BFT2,16,90,local,16384,16384,1712,.900,.598,69,572,2715581,590
fc_BFT2,16,100,local,16384,16384,1746,1.000,.586,61,718,3685674,723
fc_BFT2,16,10,random,16384,16384,10840,.100,.094,11,1,6,11
fc_BFT2,16,20,random,16384,16384,5532,.200,.185,12,2,70,12
fc_BFT2,16,30,random,16384,16384,3651,.300,.280,16,4,323,16
fc_BFT2,16,40,random,16384,16384,2677,.400,.382,19,8,1142,20
fc_BFT2,16,60,random,16384,16384,1950,.600,.525,51,286,1384232,304
fc_BFT2,16,50,random,16384,16384,2123,.500,.482,34,43,27671,54
fc_BFT2,16,70,random,16384,16384,2003,.700,.511,55,622,3475108,634
fc_BFT2,16,80,random,16384,16384,1988,.800,.515,49,741,4983169,749
fc_BFT2,16,90,random,16384,16384,2029,.900,.504,49,915,6254097,923
fc_BFT2,16,100,random,16384,16384,1968,1.000,.520,47,935,6980821,945
ld_TREE,16,30,local,16384,16384,3654,.300,.280,58,49,12061,63
ld_TREE,16,20,local,16384,16384,5528,.200,.185,31,10,1336,31
ld_TREE,16,50,local,16384,16384,3758,.500,.272,142,2151,8430608,2161
ld_TREE,16,10,local,16384,16384,10839,.100,.094,21,7,191,21
ld_TREE,16,60,local,16384,16384,3890,.600,.263,149,2471,13033517,2481
ld_TREE,16,40,local,16384,16384,3512,.400,.291,103,1473,3542840,1489
ld_TREE,16,80,local,16384,16384,4070,.800,.251,411,2882,18047430,2892
ld_TREE,16,70,local,16384,16384,3884,.700,.263,318,2584,15004920,2592
ld_TREE,16,100,local,16384,16384,3916,1.000,.261,370,2889,19151864,2898
ld_TREE,16,10,random,16384,16384,10841,.100,.094,40,9,709,40
ld_TREE,16,90,local,16384,16384,4111,.900,.249,449,3016,19853959,3026
ld_TREE,16,20,random,16384,16384,5533,.200,.185,100,599,2061726,624
ld_TREE,16,30,random,16384,16384,5426,.300,.188,104,2266,15859565,2285
ld_TREE,16,50,random,16384,16384,5391,.500,.189,133,3401,26626943,3414
ld_TREE,16,40,random,16384,16384,5422,.400,.188,93,2965,22684390,2982
ld_TREE,16,60,random,16384,16384,5379,.600,.190,105,3665,29449055,3674
ld_TREE,16,70,random,16384,16384,5335,.700,.191,110,3867,31334661,3877
ld_TREE,16,80,random,16384,16384,5373,.800,.190,127,4084,32996755,4095
ld_TREE,16,90,random,16384,16384,5366,.900,.190,98,4220,34099266,4228
ld_TREE,16,100,random,16384,16384,5366,1.000,.190,98,4335,34996730,4343
ld_XBAR,16,10,local,16384,16384,10839,.100,.094,14,1,2,14
ld_XBAR,16,30,local,16384,16384,3654,.300,.280,24,8,475,24
ld_XBAR,16,20,local,16384,16384,5528,.200,.185,16,8,116,16
ld_XBAR,16,40,local,16384,16384,2672,.400,.383,28,14,1605,28
ld_XBAR,16,60,local,16384,16384,1823,.600,.561,449,139,229315,489
ld_XBAR,16,50,local,16384,16384,2121,.500,.482,88,17,5679,88
ld_XBAR,16,70,local,16384,16384,1885,.700,.543,434,430,1920901,661
ld_XBAR,16,100,local,16384,16384,2354,1.000,.435,944,1326,9727688,1358
ld_XBAR,16,80,local,16384,16384,1987,.800,.515,670,762,4369670,849
ld_XBAR,16,90,local,16384,16384,2242,.900,.456,584,1143,6705647,1245
ld_XBAR,16,10,random,16384,16384,10841,.100,.094,18,1,4,18
ld_XBAR,16,20,random,16384,16384,5533,.200,.185,28,5,95,28
ld_XBAR,16,30,random,16384,16384,3652,.300,.280,51,9,570,51
ld_XBAR,16,60,random,16384,16384,2035,.600,.503,158,384,2384746,429
ld_XBAR,16,40,random,16384,16384,2678,.400,.382,92,9,2258,92
ld_XBAR,16,50,random,16384,16384,2124,.500,.482,125,46,37067,125
ld_XBAR,16,70,random,16384,16384,2026,.700,.505,194,607,4063701,632
ld_XBAR,16,80,random,16384,16384,2068,.800,.495,196,803,5848777,832
ld_MESH0,16,10,local,16384,16384,10839,.100,.094,14,1,2,14
ld_MESH0,16,20,local,16384,16384,5528,.200,.185,18,8,123,18
ld_XBAR,16,90,random,16384,16384,2028,.900,.504,122,894,6986981,941
ld_XBAR,16,100,random,16384,16384,2032,1.000,.503,130,1001,7814988,1049
ld_MESH0,16,30,local,16384,16384,3654,.300,.280,26,8,485,26
ld_MESH0,16,40,local,16384,16384,2672,.400,.383,48,14,1680,48
ld_MESH0,16,50,local,16384,16384,2121,.500,.482,146,34,23322,146
ld_MESH0,16,60,local,16384,16384,2275,.600,.450,243,766,1792084,790
ld_MESH0,16,70,local,16384,16384,2269,.700,.451,226,936,3930429,949
ld_MESH0,16,80,local,16384,16384,2482,.800,.412,352,1266,6820567,1281
ld_MESH0,16,100,local,16384,16384,2722,1.000,.376,733,1691,11850752,1703
ld_MESH0,16,90,local,16384,16384,2521,.900,.406,378,1422,8662986,1438
ld_MESH0,16,10,random,16384,16384,10841,.100,.094,20,1,5,20
ld_MESH0,16,20,random,16384,16384,5533,.200,.185,40,5,168,40
ld_MESH0,16,30,random,16384,16384,3652,.300,.280,40,10,1496,40
ld_MESH0,16,40,random,16384,16384,2678,.400,.382,90,152,500056,180
ld_MESH0,16,50,random,16384,16384,2631,.500,.389,75,647,4272525,674
ld_MESH0,16,60,random,16384,16384,2628,.600,.389,65,903,7002215,922
ld_MESH0,16,70,random,16384,16384,2640,.700,.387,70,1176,9078734,1191
ld_MESH0,16,80,random,16384,16384,2612,.800,.392,80,1356,10544128,1374
ld_MESH0,16,90,random,16384,16384,2624,.900,.390,78,1489,11805156,1503
ld_MESH0,16,100,random,16384,16384,2631,1.000,.389,116,1601,12599269,1611
ld_MESH1,16,10,local,16384,16384,10839,.100,.094,14,1,2,14
ld_MESH1,16,20,local,16384,16384,5528,.200,.185,16,8,116,16
ld_MESH1,16,30,local,16384,16384,3654,.300,.280,24,8,475,24
ld_MESH1,16,50,local,16384,16384,2121,.500,.482,76,14,5947,76
ld_MESH1,16,40,local,16384,16384,2672,.400,.383,30,14,1610,30
ld_MESH1,16,60,local,16384,16384,1872,.600,.547,374,267,360185,492
ld_MESH1,16,70,local,16384,16384,1999,.700,.512,286,631,2388004,681
ld_MESH1,16,80,local,16384,16384,2273,.800,.450,724,1041,5716830,1050
ld_MESH1,16,90,local,16384,16384,2287,.900,.447,508,1178,7186962,1197
ld_MESH1,16,100,local,16384,16384,2421,1.000,.422,592,1393,9911875,1414
ld_MESH1,16,10,random,16384,16384,10841,.100,.094,18,1,4,18
ld_MESH1,16,20,random,16384,16384,5533,.200,.185,28,5,97,28
ld_MESH1,16,30,random,16384,16384,3652,.300,.280,45,9,535,45
ld_MESH1,16,40,random,16384,16384,2678,.400,.382,54,15,3262,54
ld_MESH1,16,50,random,16384,16384,2180,.500,.469,98,171,647401,204
ld_MESH1,16,60,random,16384,16384,2176,.600,.470,102,515,3370056,544
ld_MESH1,16,70,random,16384,16384,2129,.700,.480,102,718,5170983,762
ld_MESH1,16,80,random,16384,16384,2178,.800,.470,80,892,6785078,916
ld_MESH1,16,90,random,16384,16384,2156,.900,.474,108,1025,8114707,1052
ld_MESH1,16,100,random,16384,16384,2217,1.000,.461,86,1187,9179340,1209
CMU,16,10,local,16384,16384,10716,.100,.095,8,8,0
CMU,16,20,local,16384,16384,5409,.200,.189,9,9,0
CMU,16,30,local,16384,16384,3605,.300,.284,11,11,0
CMU,16,40,local,16384,16384,2643,.400,.387,12,12,0
CMU,16,50,local,16384,16384,2106,.500,.486,15,15,0
CMU,16,60,local,16384,16384,1752,.600,.584,19,19,277
CMU,16,70,local,16384,16384,1510,.700,.678,31,56,25706
CMU,16,80,local,16384,16384,1493,.800,.685,58,255,381969
CMU,16,90,local,16384,16384,1512,.900,.677,102,393,1332999
CMU,16,100,local,16384,16384,1524,1.000,.671,84,501,2266322
CMU,16,10,random,16384,16384,10716,.100,.095,10,10,0
CMU,16,20,random,16384,16384,5411,.200,.189,14,14,0
CMU,16,30,random,16384,16384,3605,.300,.284,13,13,0
CMU,16,40,random,16384,16384,2643,.400,.387,16,16,0
CMU,16,50,random,16384,16384,2109,.500,.485,21,21,1
CMU,16,60,random,16384,16384,1752,.600,.584,32,32,266
CMU,16,70,random,16384,16384,1531,.700,.668,54,123,165525
CMU,16,80,random,16384,16384,1588,.800,.644,68,369,1385862
CMU,16,90,random,16384,16384,1602,.900,.639,59,503,2589599
CMU,16,100,random,16384,16384,1575,1.000,.650,57,561,3411133
IC,16,10,random,16384,16383,10773,.100,.095,90,6,358,90
IC,16,20,random,16384,16383,5567,.200,.183,45,301,79315,327
IC,16,30,random,16384,16382,5602,.300,.182,45,2987,4304295,2996
IC,16,40,random,16384,16382,5598,.400,.182,30,3349,6580241,3353
IC,16,50,random,16384,16382,5598,.500,.182,30,3603,8191675,3607
IC,16,60,random,16384,16382,5598,.600,.182,30,3895,10689624,3899
IC,16,70,random,16384,16382,5598,.700,.182,30,4138,12725283,4142
IC,16,80,random,16384,16382,5598,.800,.182,30,4327,14249072,4329
IC,16,90,random,16384,16382,5598,.900,.182,30,4462,15453175,4464
IC,16,100,random,16384,16382,5598,1.000,.182,30,4574,16346849,4576
IC,16,10,local,16384,16383,10773,.100,.095,88,3,258,88
IC,16,20,local,16384,16383,5567,.200,.183,44,4,1157,44
IC,16,30,local,16384,16382,3596,.300,.284,33,10,4256,33
IC,16,40,local,16384,16383,2673,.400,.383,23,19,18198,23
IC,16,50,local,16384,16382,2159,.500,.474,18,110,340839,118
IC,16,60,local,16384,16384,2054,.600,.498,5,384,2743728,388
IC,16,70,local,16384,16384,2053,.700,.498,5,615,4778345,619
IC,16,80,local,16384,16384,2053,.800,.498,5,788,6302134,792
IC,16,90,local,16384,16384,2053,.900,.498,5,931,7506237,935
IC,16,100,local,16384,16384,2053,1.000,.498,5,1025,8399911,1029
hoplite_0,4,100,add20,2941,2941,851,100,1,1,1,1,10
hoplite_0,4,100,amazon,280248,280248,74215,100,1,1,1,1,13
hoplite_0,4,100,bomhof1,5161,5161,2589,100,1,1,1,1,1141
hoplite_0,4,100,bomhof2,6206,6206,2311,100,1,1,1,1,162
hoplite_0,4,100,bomhof3,13837,13837,3800,100,1,1,1,1,90
hoplite_0,4,100,google,729996,729996,197751,100,1,1,1,1,7
hoplite_0,4,100,hamm,23838,23838,9044,100,1,1,1,1,1387
hoplite_0,4,100,human,44304,44304,19455,100,1,1,1,1,37
hoplite_0,4,100,roadnet,1485468,1485468,380888,100,1,1,1,1,3
hoplite_0,4,100,dac,1324,1324,685,100,1,1,1,1,183
hoplite_0,4,100,ram2k,8905,8905,4837,100,1,1,1,1,2434
hoplite_0,4,100,soc,160167,160167,91879,100,1,1,1,1,1428
hoplite_0,4,100,stanford,263570,263570,69738,100,1,1,1,1,5
hoplite_0,4,100,wiki,6288,6288,3248,100,1,1,1,1,20
hoplite_1,4,100,add20,2941,2941,836,100,1,1,1,1,12
hoplite_1,4,100,amazon,280248,280248,73874,100,1,1,1,1,17
hoplite_1,4,100,bomhof1,5161,5161,2570,100,1,1,1,1,1406
hoplite_1,4,100,bomhof2,6206,6206,2130,100,1,1,1,1,135
hoplite_1,4,100,bomhof3,13837,13837,3779,100,1,1,1,1,82
hoplite_1,4,100,google,729996,729996,197715,100,1,1,1,1,6
hoplite_1,4,100,hamm,23838,23838,8844,100,1,1,1,1,1383
hoplite_1,4,100,human,44304,44304,17723,100,1,1,1,1,34
hoplite_1,4,100,roadnet,1485468,1485468,380888,100,1,1,1,1,3
hoplite_1,4,100,dac,1324,1324,678,100,1,1,1,1,153
hoplite_1,4,100,ram2k,8905,8905,4800,100,1,1,1,1,2436
hoplite_1,4,100,soc,160167,160167,88303,100,1,1,1,1,1359
hoplite_1,4,100,stanford,263570,263570,69737,100,1,1,1,1,4
hoplite_1,4,100,wiki,6288,6288,3041,100,1,1,1,1,25
hoplite_0,9,100,add20,3587,3587,930,100,1,1,1,1,75
hoplite_0,9,100,amazon,292509,292509,38383,100,1,1,1,1,35
hoplite_0,9,100,bomhof1,8056,8056,4166,100,1,1,1,1,2015
hoplite_0,9,100,bomhof2,6732,6732,1776,100,1,1,1,1,364
hoplite_0,9,100,bomhof3,14770,14770,2858,100,1,1,1,1,341
hoplite_0,9,100,google,0,0,,100,1,1,1,1,
hoplite_0,9,100,hamm,25672,25672,9382,100,1,1,1,1,3932
hoplite_0,9,100,human,0,0,,100,1,1,1,1,
hoplite_0,9,100,roadnet,1485914,1485914,171947,100,1,1,1,1,6
hoplite_0,9,100,dac,1539,1539,711,100,1,1,1,1,414
hoplite_0,9,100,ram2k,14057,14057,8587,100,1,1,1,1,5973
hoplite_0,9,100,soc,0,0,,100,1,1,1,1,
hoplite_0,9,100,stanford,265297,265297,31462,100,1,1,1,1,10
hoplite_0,9,100,wiki,11102,11102,4416,100,1,1,1,1,45
hoplite_1,9,100,add20,3587,3587,933,100,1,1,1,1,234
hoplite_1,9,100,amazon,292509,292509,37702,100,1,1,1,1,27
hoplite_1,9,100,bomhof1,8056,8056,4143,100,1,1,1,1,2954
hoplite_1,9,100,bomhof2,6732,6732,1758,100,1,1,1,1,542
hoplite_1,9,100,bomhof3,14770,14770,2872,100,1,1,1,1,321
hoplite_1,9,100,google,0,0,,100,1,1,1,1,
hoplite_1,9,100,hamm,25672,25672,8964,100,1,1,1,1,3456
hoplite_1,9,100,human,0,0,,100,1,1,1,1,
hoplite_1,9,100,roadnet,1485914,1485914,171947,100,1,1,1,1,6
hoplite_1,9,100,dac,1539,1539,671,100,1,1,1,1,417
hoplite_1,9,100,ram2k,14057,14057,8138,100,1,1,1,1,5967
hoplite_1,9,100,soc,0,0,,100,1,1,1,1,
hoplite_1,9,100,stanford,265297,265297,31460,100,1,1,1,1,9
hoplite_1,9,100,wiki,11102,11102,4131,100,1,1,1,1,60
hoplite_0,16,100,add20,4164,4164,730,100,1,1,1,1,84
hoplite_0,16,100,amazon,302132,302132,24562,100,1,1,1,1,57
hoplite_0,16,100,bomhof1,9187,9187,4236,100,1,1,1,1,2810
hoplite_0,16,100,bomhof2,7454,7454,1714,100,1,1,1,1,346
hoplite_0,16,100,bomhof3,14566,14566,2312,100,1,1,1,1,664
hoplite_0,16,100,google,741805,741805,51747,100,1,1,1,1,21
hoplite_0,16,100,hamm,27105,27105,9995,100,1,1,1,1,6584
hoplite_0,16,100,human,129370,129370,37372,100,1,1,1,1,282
hoplite_0,16,100,roadnet,1486518,1486518,102033,100,1,1,1,1,11
hoplite_0,16,100,dac,2120,2120,787,100,1,1,1,1,231
hoplite_0,16,100,ram2k,19628,19628,10270,100,1,1,1,1,8009
hoplite_0,16,100,soc,267004,267004,78448,100,1,1,1,1,560
hoplite_0,16,100,stanford,266473,266473,18267,100,1,1,1,1,15
hoplite_0,16,100,wiki,15488,15488,5719,100,1,1,1,1,110
hoplite_1,16,100,add20,4164,4164,681,100,1,1,1,1,66
hoplite_1,16,100,amazon,302132,302132,23590,100,1,1,1,1,60
hoplite_1,16,100,bomhof1,9187,9187,4206,100,1,1,1,1,2564
hoplite_1,16,100,bomhof2,7454,7454,1533,100,1,1,1,1,560
hoplite_1,16,100,bomhof3,14566,14566,2336,100,1,1,1,1,530
hoplite_1,16,100,google,741805,741805,51663,100,1,1,1,1,19
hoplite_1,16,100,hamm,27105,27105,9641,100,1,1,1,1,6566
hoplite_1,16,100,human,129370,129370,32771,100,1,1,1,1,212
hoplite_1,16,100,roadnet,1486518,1486518,102033,100,1,1,1,1,11
hoplite_1,16,100,dac,2120,2120,731,100,1,1,1,1,436
hoplite_1,16,100,ram2k,19628,19628,10281,100,1,1,1,1,8936
hoplite_1,16,100,soc,267004,267004,76218,100,1,1,1,1,421
hoplite_1,16,100,stanford,266473,266473,18281,100,1,1,1,1,15
hoplite_1,16,100,wiki,15488,15488,4982,100,1,1,1,1,89
hoplite_0,25,100,add20,4585,4585,1224,100,1,1,1,1,471
hoplite_0,25,100,amazon,309342,309342,21556,100,1,1,1,1,91
hoplite_0,25,100,bomhof1,11032,11032,5253,100,1,1,1,1,3864
hoplite_0,25,100,bomhof2,7862,7862,1607,100,1,1,1,1,575
hoplite_0,25,100,bomhof3,15045,15045,2530,100,1,1,1,1,1378
hoplite_0,25,100,google,0,0,,100,1,1,1,1,
hoplite_0,25,100,hamm,27918,27918,10384,100,1,1,1,1,6708
hoplite_0,25,100,human,0,0,,100,1,1,1,1,
hoplite_0,25,100,roadnet,1487083,1487083,67014,100,1,1,1,1,10
hoplite_0,25,100,dac,2247,2247,1010,100,1,1,1,1,878
hoplite_0,25,100,ram2k,16629,16629,7777,100,1,1,1,1,4024
hoplite_0,25,100,soc,0,0,,100,1,1,1,1,
hoplite_0,25,100,stanford,268343,268343,12181,100,1,1,1,1,27
hoplite_0,25,100,wiki,19695,19695,5637,100,1,1,1,1,165
hoplite_1,25,100,add20,4585,4585,1189,100,1,1,1,1,409
hoplite_1,25,100,amazon,309342,309342,18806,100,1,1,1,1,86
hoplite_1,25,100,bomhof1,11032,11032,5219,100,1,1,1,1,3359
hoplite_1,25,100,bomhof2,7862,7862,1620,100,1,1,1,1,900
hoplite_1,25,100,bomhof3,15045,15045,2478,100,1,1,1,1,1286
hoplite_1,25,100,google,0,0,,100,1,1,1,1,
hoplite_1,25,100,hamm,27918,27918,10100,100,1,1,1,1,6994
hoplite_1,25,100,human,0,0,,100,1,1,1,1,
hoplite_1,25,100,roadnet,1487083,1487083,67014,100,1,1,1,1,10
hoplite_1,25,100,dac,2247,2247,950,100,1,1,1,1,627
hoplite_1,25,100,ram2k,16629,16629,6869,100,1,1,1,1,2852
hoplite_1,25,100,soc,0,0,,100,1,1,1,1,
hoplite_1,25,100,stanford,268343,268343,12132,100,1,1,1,1,23
hoplite_1,25,100,wiki,19695,19695,4943,100,1,1,1,1,136
hoplite_0,36,100,add20,4680,4680,1256,100,1,1,1,1,544
hoplite_0,36,100,amazon,316215,316215,17281,100,1,1,1,1,123
hoplite_0,36,100,bomhof1,11624,11624,5372,100,1,1,1,1,2813
hoplite_0,36,100,bomhof2,8108,8108,1653,100,1,1,1,1,1044
hoplite_0,36,100,bomhof3,15214,15214,2404,100,1,1,1,1,1733
hoplite_0,36,100,google,0,0,,100,1,1,1,1,
hoplite_0,36,100,hamm,29085,29085,10596,100,1,1,1,1,7412
hoplite_0,36,100,human,0,0,,100,1,1,1,1,
hoplite_0,36,100,roadnet,1487607,1487607,47306,100,1,1,1,1,19
hoplite_0,36,100,dac,2330,2330,728,100,1,1,1,1,500
hoplite_0,36,100,ram2k,17561,17561,6867,100,1,1,1,1,3876
hoplite_0,36,100,soc,0,0,,100,1,1,1,1,
hoplite_0,36,100,stanford,270108,270108,8574,100,1,1,1,1,45
hoplite_0,36,100,wiki,23241,23241,5543,100,1,1,1,1,172
hoplite_1,36,100,add20,4680,4680,1177,100,1,1,1,1,636
hoplite_1,36,100,amazon,316215,316215,15683,100,1,1,1,1,146
hoplite_1,36,100,bomhof1,11624,11624,5289,100,1,1,1,1,3406
hoplite_1,36,100,bomhof2,8108,8108,1548,100,1,1,1,1,1019
hoplite_1,36,100,bomhof3,15214,15214,2348,100,1,1,1,1,1386
hoplite_1,36,100,google,0,0,,100,1,1,1,1,
hoplite_1,36,100,hamm,29085,29085,10289,100,1,1,1,1,6891
hoplite_1,36,100,human,0,0,,100,1,1,1,1,
hoplite_1,36,100,roadnet,1487607,1487607,47306,100,1,1,1,1,19
hoplite_1,36,100,dac,2330,2330,692,100,1,1,1,1,517
hoplite_1,36,100,ram2k,17561,17561,7041,100,1,1,1,1,2993
hoplite_1,36,100,soc,0,0,,100,1,1,1,1,
hoplite_1,36,100,stanford,270108,270108,8558,100,1,1,1,1,50
hoplite_1,36,100,wiki,23241,23241,5074,100,1,1,1,1,179
hoplite_0,49,100,add20,5171,5171,1454,100,1,1,1,1,705
hoplite_0,49,100,amazon,323200,323200,15356,100,1,1,1,1,183
hoplite_0,49,100,bomhof1,12446,12446,5530,100,1,1,1,1,3600
hoplite_0,49,100,bomhof2,8395,8395,1724,100,1,1,1,1,1351
hoplite_0,49,100,bomhof3,15342,15342,2377,100,1,1,1,1,1689
hoplite_0,49,100,google,0,0,,100,1,1,1,1,
hoplite_0,49,100,hamm,29772,29772,10995,100,1,1,1,1,7558
hoplite_0,49,100,human,0,0,,100,1,1,1,1,
hoplite_0,49,100,roadnet,1488254,1488254,34878,100,1,1,1,1,18
hoplite_0,49,100,dac,2420,2420,765,100,1,1,1,1,655
hoplite_0,49,100,ram2k,24210,24210,12445,100,1,1,1,1,10626
hoplite_0,49,100,soc,0,0,,100,1,1,1,1,
hoplite_0,49,100,stanford,273339,273339,7305,100,1,1,1,1,61
hoplite_0,49,100,wiki,26777,26777,7440,100,1,1,1,1,369
hoplite_1,49,100,add20,5171,5171,1409,100,1,1,1,1,749
hoplite_1,49,100,amazon,323200,323200,14030,100,1,1,1,1,180
hoplite_1,49,100,bomhof1,12446,12446,5501,100,1,1,1,1,4592
hoplite_1,49,100,bomhof2,8395,8395,1623,100,1,1,1,1,1299
hoplite_1,49,100,bomhof3,15342,15342,2350,100,1,1,1,1,1833
hoplite_1,49,100,google,0,0,,100,1,1,1,1,
hoplite_1,49,100,hamm,29772,29772,10635,100,1,1,1,1,7272
hoplite_1,49,100,human,0,0,,100,1,1,1,1,
hoplite_1,49,100,roadnet,1488254,1488254,34878,100,1,1,1,1,18
hoplite_1,49,100,dac,2420,2420,698,100,1,1,1,1,532
hoplite_1,49,100,ram2k,24210,24210,12352,100,1,1,1,1,10651
hoplite_1,49,100,soc,0,0,,100,1,1,1,1,
hoplite_1,49,100,stanford,273339,273339,7243,100,1,1,1,1,62
hoplite_1,49,100,wiki,26777,26777,6764,100,1,1,1,1,304
hoplite_0,64,100,add20,5530,5530,1179,100,1,1,1,1,528
hoplite_0,64,100,amazon,327552,327552,12826,100,1,1,1,1,195
hoplite_0,64,100,bomhof1,13376,13376,4999,100,1,1,1,1,4094
hoplite_0,64,100,bomhof2,8761,8761,1565,100,1,1,1,1,821
hoplite_0,64,100,bomhof3,15564,15564,2325,100,1,1,1,1,1947
hoplite_0,64,100,google,757277,757277,14900,100,1,1,1,1,73
hoplite_0,64,100,hamm,30517,30517,11325,100,1,1,1,1,7843
hoplite_0,64,100,human,359558,359558,60920,100,1,1,1,1,270
hoplite_0,64,100,roadnet,1488956,1488956,27056,100,1,1,1,1,29
hoplite_0,64,100,dac,2504,2504,737,100,1,1,1,1,594
hoplite_0,64,100,ram2k,26644,26644,11297,100,1,1,1,1,9060
hoplite_0,64,100,soc,441240,441240,65884,100,1,1,1,1,253
hoplite_0,64,100,stanford,274905,274905,6152,100,1,1,1,1,97
hoplite_0,64,100,wiki,29463,29463,5866,100,1,1,1,1,276
hoplite_1,64,100,add20,5530,5530,1166,100,1,1,1,1,578
hoplite_1,64,100,amazon,327552,327552,11858,100,1,1,1,1,239
hoplite_1,64,100,bomhof1,13376,13376,4795,100,1,1,1,1,4128
hoplite_1,64,100,bomhof2,8761,8761,1520,100,1,1,1,1,968
hoplite_1,64,100,bomhof3,15564,15564,2307,100,1,1,1,1,2002
hoplite_1,64,100,google,757277,757277,14711,100,1,1,1,1,72
hoplite_1,64,100,hamm,30517,30517,10894,100,1,1,1,1,7324
hoplite_1,64,100,human,359558,359558,57339,100,1,1,1,1,624
hoplite_1,64,100,roadnet,1488956,1488956,27056,100,1,1,1,1,29
hoplite_1,64,100,dac,2504,2504,670,100,1,1,1,1,500
hoplite_1,64,100,ram2k,26644,26644,10696,100,1,1,1,1,7512
hoplite_1,64,100,soc,441240,441240,60501,100,1,1,1,1,365
hoplite_1,64,100,stanford,274905,274905,5968,100,1,1,1,1,77
hoplite_1,64,100,wiki,29463,29463,5477,100,1,1,1,1,342
hoplite_0,4,10,random,4096,4096,9354,10,1,1,1,1,212
hoplite_1,4,10,random,4096,4096,9354,10,1,1,1,1,181
hoplite_0,4,20,random,4096,4096,5154,20,1,1,1,1,311
hoplite_1,4,20,random,4096,4096,5138,20,1,1,1,1,238
hoplite_0,4,30,random,4096,4096,3537,30,1,1,1,1,395
hoplite_1,4,30,random,4096,4096,3488,30,1,1,1,1,289
hoplite_0,4,40,random,4096,4096,2856,40,1,1,1,1,451
hoplite_1,4,40,random,4096,4096,2770,40,1,1,1,1,347
hoplite_0,4,50,random,4096,4096,2503,50,1,1,1,1,514
hoplite_1,4,50,random,4096,4096,2381,50,1,1,1,1,379
hoplite_0,4,60,random,4096,4096,2337,60,1,1,1,1,634
hoplite_1,4,60,random,4096,4096,2190,60,1,1,1,1,492
hoplite_0,4,70,random,4096,4096,2210,70,1,1,1,1,759
hoplite_1,4,70,random,4096,4096,2037,70,1,1,1,1,591
hoplite_0,4,80,random,4096,4096,2133,80,1,1,1,1,891
hoplite_1,4,80,random,4096,4096,1986,80,1,1,1,1,727
hoplite_0,4,90,random,4096,4096,2096,90,1,1,1,1,981
hoplite_1,4,90,random,4096,4096,1922,90,1,1,1,1,796
hoplite_0,4,100,random,4096,4096,2063,100,1,1,1,1,1040
hoplite_1,4,100,random,4096,4096,1888,100,1,1,1,1,867
hoplite_0,4,10,local,4096,4096,9353,10,1,1,1,1,176
hoplite_1,4,10,local,4096,4096,9351,10,1,1,1,1,176
hoplite_0,4,20,local,4096,4096,5116,20,1,1,1,1,211
hoplite_1,4,20,local,4096,4096,5116,20,1,1,1,1,200
hoplite_0,4,30,local,4096,4096,3466,30,1,1,1,1,249
hoplite_1,4,30,local,4096,4096,3455,30,1,1,1,1,216
hoplite_0,4,40,local,4096,4096,2761,40,1,1,1,1,333
hoplite_1,4,40,local,4096,4096,2725,40,1,1,1,1,279
hoplite_0,4,50,local,4096,4096,2354,50,1,1,1,1,382
hoplite_1,4,50,local,4096,4096,2283,50,1,1,1,1,304
hoplite_0,4,60,local,4096,4096,2087,60,1,1,1,1,438
hoplite_1,4,60,local,4096,4096,2056,60,1,1,1,1,377
hoplite_0,4,70,local,4096,4096,1946,70,1,1,1,1,491
hoplite_1,4,70,local,4096,4096,1863,70,1,1,1,1,417
hoplite_0,4,80,local,4096,4096,1814,80,1,1,1,1,572
hoplite_1,4,80,local,4096,4096,1721,80,1,1,1,1,477
hoplite_0,4,90,local,4096,4096,1776,90,1,1,1,1,660
hoplite_1,4,90,local,4096,4096,1671,90,1,1,1,1,551
hoplite_0,4,100,local,4096,4096,1713,100,1,1,1,1,692
hoplite_1,4,100,local,4096,4096,1624,100,1,1,1,1,601
hoplite_0,9,10,random,9216,9216,9696,10,1,1,1,1,372
hoplite_1,9,10,random,9216,9216,9696,10,1,1,1,1,210
hoplite_0,9,20,random,9216,9216,5221,20,1,1,1,1,670
hoplite_1,9,20,random,9216,9216,5115,20,1,1,1,1,476
hoplite_0,9,30,random,9216,9216,4037,30,1,1,1,1,933
hoplite_1,9,30,random,9216,9216,3739,30,1,1,1,1,688
hoplite_0,9,40,random,9216,9216,3585,40,1,1,1,1,1103
hoplite_1,9,40,random,9216,9216,3229,40,1,1,1,1,774
hoplite_0,9,50,random,9216,9216,3404,50,1,1,1,1,1408
hoplite_1,9,50,random,9216,9216,3026,50,1,1,1,1,1093
hoplite_0,9,60,random,9216,9216,3326,60,1,1,1,1,1671
hoplite_1,9,60,random,9216,9216,2898,60,1,1,1,1,1235
hoplite_0,9,70,random,9216,9216,3287,70,1,1,1,1,1838
hoplite_1,9,70,random,9216,9216,2847,70,1,1,1,1,1405
hoplite_0,9,80,random,9216,9216,3246,80,1,1,1,1,1971
hoplite_1,9,80,random,9216,9216,2833,80,1,1,1,1,1555
hoplite_0,9,90,random,9216,9216,3215,90,1,1,1,1,2093
hoplite_1,9,90,random,9216,9216,2752,90,1,1,1,1,1625
hoplite_0,9,100,random,9216,9216,3207,100,1,1,1,1,2187
hoplite_1,9,100,random,9216,9216,2776,100,1,1,1,1,1755
hoplite_0,9,10,local,9216,9216,9694,10,1,1,1,1,259
hoplite_1,9,10,local,9216,9216,9689,10,1,1,1,1,176
hoplite_0,9,20,local,9216,9216,5107,20,1,1,1,1,461
hoplite_1,9,20,local,9216,9216,5085,20,1,1,1,1,366
hoplite_0,9,30,local,9216,9216,3694,30,1,1,1,1,661
hoplite_1,9,30,local,9216,9216,3552,30,1,1,1,1,428
hoplite_0,9,40,local,9216,9216,3109,40,1,1,1,1,682
hoplite_1,9,40,local,9216,9216,2874,40,1,1,1,1,461
hoplite_0,9,50,local,9216,9216,2793,50,1,1,1,1,823
hoplite_1,9,50,local,9216,9216,2522,50,1,1,1,1,551
hoplite_0,9,60,local,9216,9216,2657,60,1,1,1,1,997
hoplite_1,9,60,local,9216,9216,2328,60,1,1,1,1,675
hoplite_0,9,70,local,9216,9216,2612,70,1,1,1,1,1168
hoplite_1,9,70,local,9216,9216,2258,70,1,1,1,1,818
hoplite_0,9,80,local,9216,9216,2546,80,1,1,1,1,1293
hoplite_1,9,80,local,9216,9216,2197,80,1,1,1,1,924
hoplite_0,9,90,local,9216,9216,2552,90,1,1,1,1,1414
hoplite_1,9,90,local,9216,9216,2127,90,1,1,1,1,1006
hoplite_0,9,100,local,9216,9216,2532,100,1,1,1,1,1509
hoplite_1,9,100,local,9216,9216,2109,100,1,1,1,1,1087
hoplite_0,16,10,random,16384,16384,9848,10,1,1,1,1,580
hoplite_1,16,10,random,16384,16384,9831,10,1,1,1,1,398
hoplite_0,16,20,random,16384,16384,5697,20,1,1,1,1,1128
hoplite_1,16,20,random,16384,16384,5406,20,1,1,1,1,754
hoplite_0,16,30,random,16384,16384,4886,30,1,1,1,1,1643
hoplite_1,16,30,random,16384,16384,4358,30,1,1,1,1,1125
hoplite_0,16,40,random,16384,16384,4668,40,1,1,1,1,2227
hoplite_1,16,40,random,16384,16384,4126,40,1,1,1,1,1651
hoplite_0,16,50,random,16384,16384,4616,50,1,1,1,1,2643
hoplite_1,16,50,random,16384,16384,4044,50,1,1,1,1,2080
hoplite_0,16,60,random,16384,16384,4498,60,1,1,1,1,2839
hoplite_1,16,60,random,16384,16384,3925,60,1,1,1,1,2286
hoplite_0,16,70,random,16384,16384,4452,70,1,1,1,1,3050
hoplite_1,16,70,random,16384,16384,3990,70,1,1,1,1,2590
hoplite_0,16,80,random,16384,16384,4456,80,1,1,1,1,3226
hoplite_1,16,80,random,16384,16384,3914,80,1,1,1,1,2680
hoplite_0,16,90,random,16384,16384,4447,90,1,1,1,1,3324
hoplite_1,16,90,random,16384,16384,3948,90,1,1,1,1,2838
hoplite_0,16,100,random,16384,16384,4415,100,1,1,1,1,3394
hoplite_1,16,100,random,16384,16384,3934,100,1,1,1,1,2913
hoplite_0,16,10,local,16384,16384,9831,10,1,1,1,1,457
hoplite_1,16,10,local,16384,16384,9821,10,1,1,1,1,321
hoplite_0,16,20,local,16384,16384,5387,20,1,1,1,1,728
hoplite_1,16,20,local,16384,16384,5327,20,1,1,1,1,446
hoplite_0,16,30,local,16384,16384,4060,30,1,1,1,1,942
hoplite_1,16,30,local,16384,16384,3736,30,1,1,1,1,628
hoplite_0,16,40,local,16384,16384,3674,40,1,1,1,1,1273
hoplite_1,16,40,local,16384,16384,3229,40,1,1,1,1,781
hoplite_0,16,50,local,16384,16384,3457,50,1,1,1,1,1538
hoplite_1,16,50,local,16384,16384,2999,50,1,1,1,1,1028
hoplite_0,16,60,local,16384,16384,3424,60,1,1,1,1,1778
hoplite_1,16,60,local,16384,16384,2904,60,1,1,1,1,1279
hoplite_0,16,70,local,16384,16384,3332,70,1,1,1,1,1961
hoplite_1,16,70,local,16384,16384,2857,70,1,1,1,1,1472
hoplite_0,16,80,local,16384,16384,3394,80,1,1,1,1,2142
hoplite_1,16,80,local,16384,16384,2789,80,1,1,1,1,1581
hoplite_0,16,90,local,16384,16384,3345,90,1,1,1,1,2229
hoplite_1,16,90,local,16384,16384,2756,90,1,1,1,1,1653
hoplite_0,16,100,local,16384,16384,3274,100,1,1,1,1,2252
hoplite_1,16,100,local,16384,16384,2791,100,1,1,1,1,1771
hoplite_0,25,10,random,25600,25600,9859,10,1,1,1,1,826
hoplite_1,25,10,random,25600,25600,9842,10,1,1,1,1,593
hoplite_0,25,20,random,25600,25600,6482,20,1,1,1,1,1708
hoplite_1,25,20,random,25600,25600,5975,20,1,1,1,1,1243
hoplite_0,25,30,random,25600,25600,5963,30,1,1,1,1,2722
hoplite_1,25,30,random,25600,25600,5420,30,1,1,1,1,2240
hoplite_0,25,40,random,25600,25600,5901,40,1,1,1,1,3447
hoplite_1,25,40,random,25600,25600,5289,40,1,1,1,1,2813
hoplite_0,25,50,random,25600,25600,5782,50,1,1,1,1,3807
hoplite_1,25,50,random,25600,25600,5221,50,1,1,1,1,3267
hoplite_0,25,60,random,25600,25600,5796,60,1,1,1,1,4186
hoplite_1,25,60,random,25600,25600,5193,60,1,1,1,1,3521
hoplite_0,25,70,random,25600,25600,5745,70,1,1,1,1,4312
hoplite_1,25,70,random,25600,25600,5184,70,1,1,1,1,3766
hoplite_0,25,80,random,25600,25600,5807,80,1,1,1,1,4540
hoplite_1,25,80,random,25600,25600,5157,80,1,1,1,1,3912
hoplite_0,25,90,random,25600,25600,5749,90,1,1,1,1,4636
hoplite_1,25,90,random,25600,25600,5146,90,1,1,1,1,4033
hoplite_0,25,100,random,25600,25600,5764,100,1,1,1,1,4744
hoplite_1,25,100,random,25600,25600,5243,100,1,1,1,1,4221
hoplite_0,25,10,local,25600,25600,9839,10,1,1,1,1,556
hoplite_1,25,10,local,25600,25600,9820,10,1,1,1,1,382
hoplite_0,25,20,local,25600,25600,5572,20,1,1,1,1,971
hoplite_1,25,20,local,25600,25600,5320,20,1,1,1,1,601
hoplite_0,25,30,local,25600,25600,4658,30,1,1,1,1,1573
hoplite_1,25,30,local,25600,25600,4160,30,1,1,1,1,971
hoplite_0,25,40,local,25600,25600,4391,40,1,1,1,1,2029
hoplite_1,25,40,local,25600,25600,3783,40,1,1,1,1,1394
hoplite_0,25,50,local,25600,25600,4274,50,1,1,1,1,2336
hoplite_1,25,50,local,25600,25600,3619,50,1,1,1,1,1681
hoplite_0,25,60,local,25600,25600,4246,60,1,1,1,1,2684
hoplite_1,25,60,local,25600,25600,3600,60,1,1,1,1,1947
hoplite_0,25,70,local,25600,25600,4149,70,1,1,1,1,2735
hoplite_1,25,70,local,25600,25600,3594,70,1,1,1,1,2202
hoplite_0,25,80,local,25600,25600,4136,80,1,1,1,1,2899
hoplite_1,25,80,local,25600,25600,3552,80,1,1,1,1,2311
hoplite_0,25,90,local,25600,25600,4114,90,1,1,1,1,3011
hoplite_1,25,90,local,25600,25600,3570,90,1,1,1,1,2473
hoplite_0,25,100,local,25600,25600,4145,100,1,1,1,1,3124
hoplite_1,25,100,local,25600,25600,3533,100,1,1,1,1,2511
hoplite_0,36,10,random,36864,36864,9947,10,1,1,1,1,1210
hoplite_1,36,10,random,36864,36864,9912,10,1,1,1,1,877
hoplite_0,36,20,random,36864,36864,7474,20,1,1,1,1,2761
hoplite_1,36,20,random,36864,36864,6905,20,1,1,1,1,2182
hoplite_0,36,30,random,36864,36864,7233,30,1,1,1,1,4054
hoplite_1,36,30,random,36864,36864,6598,30,1,1,1,1,3455
hoplite_0,36,40,random,36864,36864,7100,40,1,1,1,1,4727
hoplite_1,36,40,random,36864,36864,6499,40,1,1,1,1,4103
hoplite_0,36,50,random,36864,36864,7048,50,1,1,1,1,5118
hoplite_1,36,50,random,36864,36864,6484,50,1,1,1,1,4579
hoplite_0,36,60,random,36864,36864,7052,60,1,1,1,1,5436
hoplite_1,36,60,random,36864,36864,6478,60,1,1,1,1,4821
hoplite_0,36,70,random,36864,36864,7087,70,1,1,1,1,5691
hoplite_1,36,70,random,36864,36864,6445,70,1,1,1,1,5005
hoplite_0,36,80,random,36864,36864,6996,80,1,1,1,1,5746
hoplite_1,36,80,random,36864,36864,6407,80,1,1,1,1,5172
hoplite_0,36,90,random,36864,36864,7052,90,1,1,1,1,5925
hoplite_1,36,90,random,36864,36864,6430,90,1,1,1,1,5314
hoplite_0,36,100,random,36864,36864,7031,100,1,1,1,1,6008
hoplite_1,36,100,random,36864,36864,6430,100,1,1,1,1,5411
hoplite_0,36,10,local,36864,36864,9897,10,1,1,1,1,793
hoplite_1,36,10,local,36864,36864,9879,10,1,1,1,1,504
hoplite_0,36,20,local,36864,36864,6011,20,1,1,1,1,1402
hoplite_1,36,20,local,36864,36864,5512,20,1,1,1,1,944
hoplite_0,36,30,local,36864,36864,5284,30,1,1,1,1,2255
hoplite_1,36,30,local,36864,36864,4675,30,1,1,1,1,1483
hoplite_0,36,40,local,36864,36864,5125,40,1,1,1,1,2828
hoplite_1,36,40,local,36864,36864,4410,40,1,1,1,1,2011
hoplite_0,36,50,local,36864,36864,4968,50,1,1,1,1,3042
hoplite_1,36,50,local,36864,36864,4389,50,1,1,1,1,2452
hoplite_0,36,60,local,36864,36864,4982,60,1,1,1,1,3373
hoplite_1,36,60,local,36864,36864,4384,60,1,1,1,1,2785
hoplite_0,36,70,local,36864,36864,4994,70,1,1,1,1,3572
hoplite_1,36,70,local,36864,36864,4345,70,1,1,1,1,2918
hoplite_0,36,80,local,36864,36864,4995,80,1,1,1,1,3732
hoplite_1,36,80,local,36864,36864,4359,80,1,1,1,1,3147
hoplite_0,36,90,local,36864,36864,4912,90,1,1,1,1,3802
hoplite_1,36,90,local,36864,36864,4288,90,1,1,1,1,3180
hoplite_0,36,100,local,36864,36864,5009,100,1,1,1,1,3988
hoplite_1,36,100,local,36864,36864,4312,100,1,1,1,1,3301
hoplite_0,49,10,random,50176,50176,10501,10,1,1,1,1,1780
hoplite_1,49,10,random,50176,50176,10124,10,1,1,1,1,1361
hoplite_0,49,20,random,50176,50176,8614,20,1,1,1,1,4054
hoplite_1,49,20,random,50176,50176,8014,20,1,1,1,1,3310
hoplite_0,49,30,random,50176,50176,8417,30,1,1,1,1,5226
hoplite_1,49,30,random,50176,50176,7794,30,1,1,1,1,4645
hoplite_0,49,40,random,50176,50176,8337,40,1,1,1,1,5958
hoplite_1,49,40,random,50176,50176,7769,40,1,1,1,1,5318
hoplite_0,49,50,random,50176,50176,8341,50,1,1,1,1,6412
hoplite_1,49,50,random,50176,50176,7721,50,1,1,1,1,5722
hoplite_0,49,60,random,50176,50176,8321,60,1,1,1,1,6677
hoplite_1,49,60,random,50176,50176,7732,60,1,1,1,1,6072
hoplite_0,49,70,random,50176,50176,8386,70,1,1,1,1,6951
hoplite_1,49,70,random,50176,50176,7715,70,1,1,1,1,6259
hoplite_0,49,80,random,50176,50176,8311,80,1,1,1,1,7052
hoplite_1,49,80,random,50176,50176,7773,80,1,1,1,1,6517
hoplite_0,49,90,random,50176,50176,8296,90,1,1,1,1,7188
hoplite_1,49,90,random,50176,50176,7771,90,1,1,1,1,6648
hoplite_0,49,100,random,50176,50176,8330,100,1,1,1,1,7310
hoplite_1,49,100,random,50176,50176,7682,100,1,1,1,1,6659
hoplite_0,49,10,local,50176,50176,9900,10,1,1,1,1,1026
hoplite_1,49,10,local,50176,50176,9854,10,1,1,1,1,650
hoplite_0,49,20,local,50176,50176,6537,20,1,1,1,1,2026
hoplite_1,49,20,local,50176,50176,5942,20,1,1,1,1,1387
hoplite_0,49,30,local,50176,50176,6030,30,1,1,1,1,2957
hoplite_1,49,30,local,50176,50176,5301,30,1,1,1,1,2115
hoplite_0,49,40,local,50176,50176,5896,40,1,1,1,1,3485
hoplite_1,49,40,local,50176,50176,5172,40,1,1,1,1,2762
hoplite_0,49,50,local,50176,50176,5785,50,1,1,1,1,3839
hoplite_1,49,50,local,50176,50176,5126,50,1,1,1,1,3165
hoplite_0,49,60,local,50176,50176,5778,60,1,1,1,1,4120
hoplite_1,49,60,local,50176,50176,5119,60,1,1,1,1,3471
hoplite_0,49,70,local,50176,50176,5732,70,1,1,1,1,4319
hoplite_1,49,70,local,50176,50176,5084,70,1,1,1,1,3665
hoplite_0,49,80,local,50176,50176,5777,80,1,1,1,1,4544
hoplite_1,49,80,local,50176,50176,5155,80,1,1,1,1,3927
hoplite_0,49,90,local,50176,50176,5803,90,1,1,1,1,4687
hoplite_1,49,90,local,50176,50176,5048,90,1,1,1,1,3925
hoplite_0,49,100,local,50176,50176,5788,100,1,1,1,1,4766
hoplite_1,49,100,local,50176,50176,5149,100,1,1,1,1,4129
hoplite_0,64,10,random,65536,65536,11178,10,1,1,1,1,2334
hoplite_1,64,10,random,65536,65536,10704,10,1,1,1,1,1995
hoplite_0,64,20,random,65536,65536,9854,20,1,1,1,1,5365
hoplite_1,64,20,random,65536,65536,9234,20,1,1,1,1,4609
hoplite_0,64,30,random,65536,65536,9657,30,1,1,1,1,6502
hoplite_1,64,30,random,65536,65536,9134,30,1,1,1,1,5949
hoplite_0,64,40,random,65536,65536,9595,40,1,1,1,1,7186
hoplite_1,64,40,random,65536,65536,9140,40,1,1,1,1,6692
hoplite_0,64,50,random,65536,65536,9626,50,1,1,1,1,7730
hoplite_1,64,50,random,65536,65536,9049,50,1,1,1,1,7138
hoplite_0,64,60,random,65536,65536,9690,60,1,1,1,1,8029
hoplite_1,64,60,random,65536,65536,8980,60,1,1,1,1,7349
hoplite_0,64,70,random,65536,65536,9683,70,1,1,1,1,8283
hoplite_1,64,70,random,65536,65536,9008,70,1,1,1,1,7583
hoplite_0,64,80,random,65536,65536,9610,80,1,1,1,1,8366
hoplite_1,64,80,random,65536,65536,9043,80,1,1,1,1,7788
hoplite_0,64,90,random,65536,65536,9647,90,1,1,1,1,8533
hoplite_1,64,90,random,65536,65536,9021,90,1,1,1,1,7897
hoplite_0,64,100,random,65536,65536,9680,100,1,1,1,1,8659
hoplite_1,64,100,random,65536,65536,9038,100,1,1,1,1,8017
hoplite_0,64,10,local,65536,65536,9965,10,1,1,1,1,1274
hoplite_1,64,10,local,65536,65536,9900,10,1,1,1,1,699
hoplite_0,64,20,local,65536,65536,7157,20,1,1,1,1,2600
hoplite_1,64,20,local,65536,65536,6492,20,1,1,1,1,1809
hoplite_0,64,30,local,65536,65536,6774,30,1,1,1,1,3593
hoplite_1,64,30,local,65536,65536,6061,30,1,1,1,1,2861
hoplite_0,64,40,local,65536,65536,6624,40,1,1,1,1,4333
hoplite_1,64,40,local,65536,65536,5922,40,1,1,1,1,3529
hoplite_0,64,50,local,65536,65536,6601,50,1,1,1,1,4704
hoplite_1,64,50,local,65536,65536,5904,50,1,1,1,1,3903
hoplite_0,64,60,local,65536,65536,6551,60,1,1,1,1,4938
hoplite_1,64,60,local,65536,65536,5886,60,1,1,1,1,4249
hoplite_0,64,70,local,65536,65536,6541,70,1,1,1,1,5164
hoplite_1,64,70,local,65536,65536,5870,70,1,1,1,1,4467
hoplite_0,64,80,local,65536,65536,6541,80,1,1,1,1,5317
hoplite_1,64,80,local,65536,65536,5944,80,1,1,1,1,4662
hoplite_0,64,90,local,65536,65536,6589,90,1,1,1,1,5491
hoplite_1,64,90,local,65536,65536,5932,90,1,1,1,1,4805
hoplite_0,64,100,local,65536,65536,6575,100,1,1,1,1,5558
hoplite_1,64,100,local,65536,65536,5920,100,1,1,1,1,4899
hoplite_2,9,100,random,9216,9216,2302,100,1,1,1,1,1287
hoplite_3,9,100,random,9216,9216,1972,100,1,1,1,1,956
hoplite_4,9,100,random,9216,9216,1840,100,1,1,1,1,826
hoplite_5,9,100,random,9216,9216,1735,100,1,1,1,1,721
hoplite_6,9,100,random,9216,9216,1709,100,1,1,1,1,698
hoplite_7,9,100,random,9216,9216,1613,100,1,1,1,1,610
hoplite_8,9,100,random,9216,9216,1597,100,1,1,1,1,589
hoplite_9,9,100,random,9216,9216,1527,100,1,1,1,1,546
hoplite_2,16,100,random,16384,16384,2922,100,1,1,1,1,1901
hoplite_3,16,100,random,16384,16384,2411,100,1,1,1,1,1398
hoplite_4,16,100,random,16384,16384,2217,100,1,1,1,1,1204
hoplite_5,16,100,random,16384,16384,2052,100,1,1,1,1,1036
hoplite_6,16,100,random,16384,16384,1859,100,1,1,1,1,855
hoplite_7,16,100,random,16384,16384,1827,100,1,1,1,1,862
hoplite_8,16,100,random,16384,16384,1762,100,1,1,1,1,761
hoplite_9,16,100,random,16384,16384,1746,100,1,1,1,1,755
hoplite_2,25,100,random,25600,25600,3484,100,1,1,1,1,2469
hoplite_3,25,100,random,25600,25600,2831,100,1,1,1,1,1815
hoplite_4,25,100,random,25600,25600,2511,100,1,1,1,1,1495
hoplite_5,25,100,random,25600,25600,2283,100,1,1,1,1,1268
hoplite_6,25,100,random,25600,25600,2148,100,1,1,1,1,1151
hoplite_7,25,100,random,25600,25600,2064,100,1,1,1,1,1076
hoplite_8,25,100,random,25600,25600,1980,100,1,1,1,1,998
hoplite_9,25,100,random,25600,25600,1924,100,1,1,1,1,932
hoplite_2,36,100,random,36864,36864,4177,100,1,1,1,1,3159
hoplite_3,36,100,random,36864,36864,3266,100,1,1,1,1,2249
hoplite_4,36,100,random,36864,36864,2833,100,1,1,1,1,1828
hoplite_5,36,100,random,36864,36864,2580,100,1,1,1,1,1565
hoplite_6,36,100,random,36864,36864,2331,100,1,1,1,1,1332
hoplite_7,36,100,random,36864,36864,2265,100,1,1,1,1,1317
hoplite_8,36,100,random,36864,36864,2116,100,1,1,1,1,1129
hoplite_9,36,100,random,36864,36864,2079,100,1,1,1,1,1065
hoplite_2,49,100,random,50176,50176,4800,100,1,1,1,1,3784
hoplite_3,49,100,random,50176,50176,3702,100,1,1,1,1,2706
hoplite_4,49,100,random,50176,50176,3196,100,1,1,1,1,2179
hoplite_5,49,100,random,50176,50176,2809,100,1,1,1,1,1823
hoplite_6,49,100,random,50176,50176,2592,100,1,1,1,1,1583
hoplite_7,49,100,random,50176,50176,2501,100,1,1,1,1,1485
hoplite_8,49,100,random,50176,50176,2319,100,1,1,1,1,1334
hoplite_9,49,100,random,50176,50176,2198,100,1,1,1,1,1232
hoplite_2,64,100,random,65536,65536,5499,100,1,1,1,1,4477
hoplite_3,64,100,random,65536,65536,4161,100,1,1,1,1,3142
hoplite_4,64,100,random,65536,65536,3504,100,1,1,1,1,2496
hoplite_5,64,100,random,65536,65536,3098,100,1,1,1,1,2102
hoplite_6,64,100,random,65536,65536,2851,100,1,1,1,1,1870
hoplite_7,64,100,random,65536,65536,2622,100,1,1,1,1,1626
hoplite_8,64,100,random,65536,65536,2465,100,1,1,1,1,1501
hoplite_9,64,100,random,65536,65536,2389,100,1,1,1,1,1407
fc4_BFT0,64,100,bomhof_2,8761,8761,1660,1.000,.082,471,1367,3299013,1372
fc4_BFT0,64,100,add20,5530,5530,772,1.000,.111,410,584,1434977,589
fc4_BFT0,64,100,bomhof_1,13376,13376,5855,1.000,.035,4254,5647,29614994,5652
fc4_BFT0,64,100,amazon,327552,327552,12753,1.000,.401,211,8104,1319303047,8110
fc4_BFT0,64,100,bomhof_3,15564,15564,2210,1.000,.110,856,1923,9717090,1928
fc4_BFT0,64,100,hamm,30517,30517,7902,1.000,.060,5622,7397,109925012,7402
fc4_BFT0,64,100,google,757277,757277,15369,1.000,.769,102,1479,241728707,1484
fc4_BFT0,64,100,human,359558,359558,121340,1.000,.046,1732,114261,18390268623,114266
fc4_BFT0,64,100,simucad_dac,2504,2504,717,1.000,.054,508,679,612337,684
fc4_BFT0,64,100,simucad_ram2k,26644,26644,11044,1.000,.037,9729,10667,113707089,10678
fc4_BFT0,64,100,roadnet,1488956,1488956,27055,1.000,.859,6,1,47971,6
fc4_BFT0,64,100,soc,372356,372356,113996,1.000,.051,76654,110675,17396686558,110680
fc4_BFT0,64,100,stanford,274905,274905,5572,1.000,.770,24,154,2407148,174
fc4_BFT0,64,100,wiki,29463,29463,7666,1.000,.060,558,5458,80718711,5464
fc4_BFT1,64,100,add20,5530,5530,644,1.000,.134,293,515,936596,519
fc4_BFT1,64,100,bomhof_1,13376,13376,2690,1.000,.077,2049,2495,15522124,2500
fc4_BFT1,64,100,amazon,327552,327552,7632,1.000,.670,101,1400,197502924,1407
fc4_BFT1,64,100,bomhof_2,8761,8761,1277,1.000,.107,628,1093,2779767,1101
fc4_BFT1,64,100,bomhof_3,15564,15564,2200,1.000,.110,1415,1885,9154685,1890
fc4_BFT1,64,100,hamm,30517,30517,7899,1.000,.060,5704,7327,105661829,7328
fc4_BFT1,64,100,google,757277,757277,14378,1.000,.822,40,230,23597677,235
fc4_BFT1,64,100,human,359558,359558,38383,1.000,.146,1747,31784,4891399779,31793
fc4_BFT1,64,100,simucad_dac,2504,2504,597,1.000,.065,530,558,545338,563
fc4_BFT1,64,100,roadnet,1488956,1488956,27055,1.000,.859,6,1,26288,6
fc4_BFT1,64,100,simucad_ram2k,26644,26644,5444,1.000,.076,4276,5067,58146140,5072
fc4_BFT1,64,100,soc,372356,372356,49931,1.000,.116,16036,42031,6363310881,42036
fc4_BFT1,64,100,stanford,274905,274905,5526,1.000,.777,17,63,1058621,69
fc4_BFT1,64,100,wiki,29463,29463,4188,1.000,.109,248,2015,24761599,2024
fc4_BFT2,64,100,add20,5530,5530,605,1.000,.142,346,516,681248,518
fc4_BFT2,64,100,amazon,327552,327552,7074,1.000,.723,100,411,49509640,417
fc4_BFT2,64,100,bomhof_1,13376,13376,2656,1.000,.078,1547,2461,15074752,2466
fc4_BFT2,64,100,bomhof_2,8761,8761,1312,1.000,.104,523,1115,2589991,1120
fc4_BFT2,64,100,bomhof_3,15564,15564,2207,1.000,.110,1473,1890,8710351,1895
fc4_BFT2,64,100,hamm,30517,30517,7894,1.000,.060,5154,7325,102133923,7326
fc4_BFT2,64,100,google,757277,757277,14266,1.000,.829,16,30,2789402,37
fc4_BFT2,64,100,human,359558,359558,22143,1.000,.253,1149,15902,2230635426,15908
fc4_BFT2,64,100,simucad_dac,2504,2504,575,1.000,.068,466,520,479697,545
fc4_BFT2,64,100,roadnet,1488956,1488956,27055,1.000,.859,6,1,25575,6
fc4_BFT2,64,100,simucad_ram2k,26644,26644,4797,1.000,.086,1916,4416,52915285,4421
fc4_BFT2,64,100,soc,372356,372356,36622,1.000,.158,4594,28820,4175848900,28827
fc4_BFT2,64,100,stanford,274905,274905,5526,1.000,.777,9,35,452922,36
fc4_BFT2,64,100,wiki,29463,29463,2720,1.000,.169,234,795,11348974,804
fc4_BFT3,64,100,add20,5530,5530,630,1.000,.137,325,516,640897,518
fc4_BFT3,64,100,amazon,327552,327552,7093,1.000,.721,43,423,34896826,429
fc4_BFT3,64,100,bomhof_1,13376,13376,2576,1.000,.081,1356,2378,15160641,2383
fc4_BFT3,64,100,bomhof_2,8761,8761,1306,1.000,.104,664,1109,2563706,1114
fc4_BFT3,64,100,bomhof_3,15564,15564,2204,1.000,.110,1153,1887,8278684,1892
fc4_BFT3,64,100,hamm,30517,30517,7894,1.000,.060,4772,7321,100977159,7322
fc4_BFT3,64,100,google,757277,757277,14259,1.000,.829,11,7,1102667,14
fc4_BFT3,64,100,human,359558,359558,17920,1.000,.313,407,11367,1620564610,11373
fc4_BFT3,64,100,roadnet,1488956,1488956,27055,1.000,.859,6,1,25575,6
fc4_BFT3,64,100,simucad_dac,2504,2504,576,1.000,.067,462,528,418598,534
fc4_BFT3,64,100,simucad_ram2k,26644,26644,5115,1.000,.081,2192,4399,53711833,4410
fc4_BFT3,64,100,soc,372356,372356,40365,1.000,.144,509,25742,4023938547,25758
fc4_BFT3,64,100,stanford,274905,274905,5526,1.000,.777,9,34,443373,35
fc4_BFT3,64,100,wiki,29463,29463,2690,1.000,.171,120,706,10410055,713
fc4_BFT3,64,100,random,65536,65536,2325,1.000,.440,58,1296,35107245,1302
fc4_BFT3,64,100,random,65536,65536,2325,1.000,.440,58,1296,35107245,1302
fc4_BFT3,64,100,random,65536,65536,2325,1.000,.440,58,1296,35107245,1302
fc4_BFT2,64,100,random,65536,65536,3149,1.000,.325,89,2120,58395234,2125
fc4_BFT1,64,100,random,65536,65536,5601,1.000,.182,423,4572,137573188,4577
fc4_BFT0,64,100,random,65536,65536,19018,1.000,.053,1852,17989,565747620,17994
fc4_BFT3,16,100,random,32768,32768,3807,1.000,.537,30,1756,24030743,1759
fc4_BFT3,16,100,random,32768,32768,3807,1.000,.537,30,1756,24030743,1759
fc4_BFT2,16,100,random,32768,32768,3807,1.000,.537,30,1756,24030743,1759
fc4_BFT2,16,100,random,32768,32768,3807,1.000,.537,30,1756,24030743,1759
fc4_BFT2,16,100,random,32768,32768,3807,1.000,.537,30,1756,24030743,1759
fc4_BFT3,16,100,random,32768,32768,3807,1.000,.537,30,1756,24030743,1759
fc4_BFT3,16,100,random,16384,16384,1916,1.000,.534,30,889,5954856,892
fc4_BFT3,16,100,random,131072,131072,15140,1.000,.541,38,6945,385693533,6948
fc4_BFT2,16,100,random,131072,131072,15140,1.000,.541,38,6945,385693533,6948
fc4_BFT3,16,100,random,131072,131072,15140,1.000,.541,38,6945,385693533,6948
fc4_BFT1,16,100,random,131072,131072,23250,1.000,.352,94,15055,855750414,15058
fc4_BFT2,16,100,random,131072,131072,15140,1.000,.541,38,6945,385693533,6948
fc4_BFT3,16,100,random,131072,131072,15140,1.000,.541,38,6945,385693533,6948
fc4_BFT3,64,100,random,524288,524288,18488,1.000,.443,78,10291,2281803190,10297
fc4_BFT2,64,100,random,524288,524288,24711,1.000,.331,121,16514,3761775065,16519
